ticker,entry_date,exit_date,entry_price,exit_price,shares,position_size,signal_score,atr_stop,gross_pnl,net_pnl,return_pct,hold_days,exit_reason
ALOKINDS,2022-01-05,2022-01-10,25.4,28.99,5859,148967.42,0.5919,23.96,21033.81,20545.29,13.79,5,target_hit
TATASTEEL,2022-01-04,2022-01-11,101.48,98.02,1768,179596.06,0.5768,98.02,-6117.28,-6643.3,-3.7,7,stop_loss
INDHOTEL,2022-01-04,2022-01-12,183.09,205.47,980,179607.63,0.6005,174.14,21932.4,21350.25,11.89,8,target_hit
AXISCADES,2022-01-04,2022-01-18,103.75,122.85,1438,149341.69,0.6878,96.11,27465.8,26963.29,18.05,14,target_hit
METROPOLIS,2022-01-13,2022-01-18,771.48,730.34,203,156767.05,0.5266,730.34,-8351.42,-8804.55,-5.62,5,stop_loss
MAXHEALTH,2022-01-11,2022-01-19,397.19,377.02,395,157046.94,0.6258,377.02,-7967.15,-8421.89,-5.36,8,stop_loss
JSL,2022-01-12,2022-01-20,188.21,211.19,985,185572.24,0.5982,179.02,22635.3,22033.87,11.87,8,target_hit
INDIACEM,2022-01-20,2022-01-21,238.32,225.41,671,160072.63,0.6321,225.41,-8662.61,-9125.02,-5.7,1,stop_loss
BHEL,2022-01-04,2022-01-24,60.14,57.56,2989,179938.22,0.5604,57.56,-7711.62,-8235.47,-4.58,20,stop_loss
RITES,2022-01-04,2022-01-24,114.13,110.27,1307,149317.08,0.5541,110.27,-5045.02,-5482.43,-3.67,20,stop_loss
GMRAIRPORT,2022-01-19,2022-01-24,43.5,40.51,4373,190415.73,0.6133,40.51,-13075.27,-13619.8,-7.15,5,stop_loss
CANBK,2022-01-24,2022-01-24,37.7,36.18,4177,157630.37,0.5733,36.18,-6349.04,-6808.76,-4.32,0,stop_loss
KEC,2022-01-21,2022-01-25,471.5,451.66,407,192092.4,0.5656,451.66,-8074.88,-8634.43,-4.49,4,stop_loss
AUBANK,2022-01-19,2022-02-03,628.61,703.3,252,158568.13,0.6321,591.27,18821.88,18309.01,11.55,15,target_hit
TATACOMM,2022-01-27,2022-02-08,1220.51,1199.06,125,152716.31,0.5831,1140.66,-2681.25,-3133.58,-2.05,12,sector_rotation
COALINDIA,2022-01-25,2022-02-09,111.07,120.45,1660,184560.58,0.5324,106.38,15570.8,14986.53,8.12,15,target_hit
ALOKINDS,2022-02-04,2022-02-14,29.55,26.91,5368,158783.02,0.5924,26.91,-14171.52,-14619.05,-9.21,10,stop_loss
MMTC,2022-02-08,2022-02-14,53.25,49.36,2920,155645.49,0.6331,49.36,-11358.8,-11802.55,-7.58,6,stop_loss
CANBK,2022-02-10,2022-02-14,45.56,43.39,3470,158251.29,0.5964,43.39,-7529.9,-7989.12,-5.05,4,stop_loss
ADANIGREEN,2022-02-15,2022-02-17,1852.5,2093.0,97,179872.19,0.5863,1732.25,23328.5,22742.77,12.64,2,target_hit
BANKBARODA,2022-02-15,2022-02-22,94.5,88.28,1604,151729.58,0.6265,88.28,-9976.88,-10411.66,-6.86,7,stop_loss
JSL,2022-02-18,2022-02-22,196.07,181.64,965,189396.76,0.5908,181.64,-13924.95,-14464.72,-7.64,4,stop_loss
CANBK,2022-02-15,2022-02-24,41.13,38.33,3683,151633.27,0.6097,38.33,-10312.4,-10746.22,-7.09,9,stop_loss
JSL,2022-02-23,2022-02-24,191.65,177.44,956,183400.62,0.6242,177.44,-13584.76,-14107.24,-7.69,1,stop_loss
ASIANPAINT,2022-01-25,2022-03-03,2985.44,2865.12,51,152409.7,0.516,2865.12,-6136.32,-6580.82,-4.32,37,stop_loss
BANKBARODA,2022-02-23,2022-03-04,93.08,89.14,1642,152990.2,0.612,86.97,-6469.48,-6915.05,-4.52,9,ema_reversal
BAJFINANCE,2022-01-25,2022-03-04,676.99,641.59,226,153152.74,0.5305,641.59,-8000.4,-8443.4,-5.51,38,stop_loss
BAJAJFINSV,2022-01-25,2022-03-07,1551.94,1465.04,98,152242.21,0.5666,1465.04,-8516.2,-8955.44,-5.88,41,stop_loss
CANBK,2022-02-28,2022-03-07,37.86,34.9,3929,148900.69,0.6542,34.9,-11629.84,-12052.84,-8.09,7,stop_loss
HINDPETRO,2022-03-07,2022-03-08,162.56,152.01,1051,171021.41,0.57,152.01,-11088.05,-11578.43,-6.77,1,stop_loss
UPL,2022-03-04,2022-03-23,684.25,762.98,211,144521.13,0.5437,644.89,16612.03,16145.68,11.17,19,target_hit
ADANIENT,2022-03-10,2022-03-25,1679.0,1871.04,100,168067.9,0.5204,1582.98,19204.0,18661.89,11.1,15,target_hit
CHOLAFIN,2022-03-10,2022-03-25,643.31,733.35,216,139093.91,0.571,598.29,19448.64,18992.88,13.65,15,target_hit
ADANIPOWER,2022-02-28,2022-03-28,24.4,30.43,5923,144665.72,0.6025,21.39,35715.69,35210.7,24.34,28,target_hit
IEX,2022-03-04,2022-04-05,201.69,227.94,718,144958.23,0.57,188.56,18847.5,18375.36,12.68,32,target_hit
BANKBARODA,2022-03-10,2022-04-05,90.6,103.73,1544,140026.29,0.5742,84.04,20272.72,19812.52,14.15,26,target_hit
MAXHEALTH,2022-03-28,2022-04-08,343.14,355.38,449,154223.93,0.6015,327.38,5495.76,5022.56,3.26,11,sector_rotation
GRINDWELL,2022-03-24,2022-04-12,1699.63,1925.76,88,149717.01,0.5461,1609.18,19899.44,19410.94,12.97,19,target_hit
BRIGADE,2022-04-07,2022-04-19,495.67,483.05,397,196977.77,0.5921,468.93,-5010.14,-5590.46,-2.84,12,ema_reversal
NOCIL,2022-04-08,2022-04-18,231.0,220.29,716,165561.4,0.6009,220.29,-7668.36,-8149.21,-4.92,10,stop_loss
TATAPOWER,2022-04-19,2022-04-19,253.38,240.53,774,196312.24,0.6079,240.53,-9945.9,-10514.36,-5.36,0,stop_loss
ANGELONE,2022-03-29,2022-04-21,144.19,166.15,1084,156458.26,0.6448,135.4,23804.64,23288.12,14.88,23,target_hit
BALRAMCHIN,2022-03-29,2022-04-25,468.6,440.14,333,156199.84,0.6532,440.14,-9477.18,-9926.36,-6.35,27,stop_loss
BANKBARODA,2022-04-19,2022-04-25,101.95,97.79,1607,163997.48,0.5722,97.79,-6685.12,-7163.25,-4.37,6,stop_loss
ARVINDFASN,2022-04-13,2022-05-05,279.28,275.47,592,165499.09,0.6116,263.81,-2255.52,-2747.01,-1.66,22,ema_reversal
ADANIGREEN,2022-04-26,2022-05-04,2861.0,2660.2,66,189014.83,0.5835,2660.2,-13252.8,-13792.77,-7.3,8,stop_loss
NETWORK18,2022-05-02,2022-05-04,86.0,76.63,1716,147723.58,0.7172,76.63,-16078.92,-16489.49,-11.16,2,stop_loss
CONCOR,2022-04-20,2022-05-06,623.12,594.84,310,193360.37,0.5581,594.84,-8766.8,-9328.77,-4.82,16,stop_loss
JINDALSTEL,2022-04-22,2022-05-06,531.68,507.25,370,196918.32,0.5838,507.25,-9039.1,-9611.19,-4.88,14,stop_loss
LEMONTREE,2022-04-06,2022-05-10,63.0,58.67,2599,163900.74,0.6342,58.67,-11253.67,-11722.37,-7.15,34,stop_loss
ADANIPORTS,2022-05-05,2022-05-10,802.44,754.65,228,183139.28,0.5222,754.65,-10896.12,-11423.2,-6.24,5,stop_loss
ADANIGREEN,2022-05-05,2022-05-10,2744.0,2506.96,66,181285.1,0.5934,2506.96,-15644.64,-16156.66,-8.91,5,stop_loss
NETWORK18,2022-05-05,2022-05-11,79.0,67.04,952,75283.21,0.8041,67.04,-11385.92,-11588.77,-15.39,6,stop_loss
TORNTPOWER,2022-05-09,2022-05-11,447.41,420.24,340,152271.52,0.6338,420.24,-9237.8,-9675.68,-6.35,2,stop_loss
TRENT,2022-05-11,2022-05-12,1068.63,999.96,162,173291.18,0.6457,999.96,-11124.54,-11621.65,-6.71,1,stop_loss
ADANIGREEN,2022-05-12,2022-05-12,2700.0,2430.42,62,167567.4,0.5571,2430.42,-16713.96,-17182.73,-10.25,0,stop_loss
ADANIPOWER,2022-05-11,2022-05-20,51.46,61.96,3281,169009.1,0.6068,46.21,34450.5,33875.08,20.04,9,target_hit
ADANIENT,2022-05-11,2022-05-26,2105.84,1989.79,82,172851.56,0.5489,1989.79,-9516.1,-10015.1,-5.79,15,stop_loss
JSWENERGY,2022-05-23,2022-05-26,288.66,258.95,592,171057.61,0.6224,258.95,-17588.32,-18065.8,-10.56,3,stop_loss
AMBUJACEM,2022-05-09,2022-06-01,358.84,365.41,425,152659.51,0.5866,339.33,2792.25,2329.14,1.53,23,sector_rotation
ADANIGREEN,2022-05-16,2022-05-31,2234.0,1922.83,53,118520.4,0.6597,1922.83,-16492.01,-16814.23,-14.19,15,stop_loss
NTPC,2022-05-16,2022-05-31,126.44,139.08,1295,163903.54,0.5971,120.12,16368.8,15844.84,9.67,15,target_hit
METROBRAND,2022-06-01,2022-06-08,579.25,539.59,293,169889.97,0.586,539.59,-11620.38,-12106.3,-7.13,7,stop_loss
CRISIL,2022-06-01,2022-06-13,3259.31,3257.83,43,140290.48,0.5205,2975.11,-63.64,-483.96,-0.34,12,ema_reversal
USHAMART,2022-05-12,2022-06-14,114.21,99.18,703,80369.92,0.7851,99.18,-10566.09,-10785.83,-13.42,33,stop_loss
ADANIENT,2022-05-27,2022-06-15,2076.29,2214.45,80,166269.3,0.5226,1942.61,11052.8,10532.38,6.33,19,sector_rotation
GHCL,2022-05-27,2022-06-20,546.02,533.46,256,139920.9,0.6651,500.54,-3215.36,-3628.27,-2.59,24,ema_reversal
METROBRAND,2022-06-09,2022-06-20,542.29,528.6,312,169363.67,0.6,503.52,-4271.28,-4770.32,-2.82,11,ema_reversal
NOCIL,2022-06-01,2022-06-21,234.82,224.41,602,141503.0,0.5776,217.36,-6266.82,-6678.37,-4.72,20,ema_reversal
RAYMOND,2022-06-13,2022-06-22,936.45,831.42,135,126547.17,0.5882,831.42,-14179.05,-14529.95,-11.48,9,stop_loss
AUBANK,2022-06-16,2022-06-22,631.24,596.17,220,139011.67,0.5253,596.17,-7715.4,-8116.59,-5.84,6,stop_loss
ELGIEQUIP,2022-06-23,2022-07-04,374.89,344.1,349,130967.45,0.6168,339.31,-10745.71,-11116.73,-8.49,11,ema_reversal
PHOENIXLTD,2022-06-21,2022-07-07,533.5,624.23,245,130838.21,0.569,488.13,22228.85,21792.27,16.66,16,target_hit
BANKBARODA,2022-06-22,2022-07-11,87.3,98.13,1520,132828.7,0.5566,81.88,16461.6,16030.59,12.07,19,target_hit
TIMKEN,2022-06-21,2022-07-19,2304.66,2650.72,56,129190.02,0.5545,2131.63,19379.36,18953.42,14.67,28,target_hit
ELGIEQUIP,2022-07-06,2022-07-20,372.72,366.21,357,133194.1,0.6083,338.58,-2324.07,-2718.6,-2.04,14,ema_reversal
RAJRATAN,2022-07-15,2022-07-22,761.63,877.27,182,138755.28,0.6576,715.38,21046.48,20588.54,14.84,7,target_hit
SUMICHEM,2022-07-21,2022-07-22,467.5,447.65,300,140390.25,0.6,447.65,-5955.0,-6363.84,-4.53,1,stop_loss
RATNAMANI,2022-06-23,2022-07-26,1592.38,1597.41,82,130705.74,0.5088,1443.63,412.46,19.91,0.02,33,ema_reversal
USHAMART,2022-07-20,2022-07-25,124.06,142.16,1145,142190.75,0.6393,116.82,20724.5,20256.9,14.25,5,target_hit
AXISCADES,2022-07-08,2022-07-28,122.0,119.65,1115,136166.03,0.6472,113.71,-2620.25,-3023.1,-2.22,20,ema_reversal
IONEXCHANG,2022-06-15,2022-08-05,182.72,177.02,755,138091.55,0.5999,169.84,-4303.5,-4708.75,-3.41,51,ema_reversal
HFCL,2022-07-26,2022-08-05,62.51,65.69,2295,143603.91,0.6154,58.7,7298.1,6853.12,4.77,10,sector_rotation
CHALET,2022-08-05,2022-08-16,310.66,347.83,463,143979.42,0.6118,292.07,17209.71,16743.78,11.63,11,target_hit
IFCI,2022-08-17,2022-08-19,10.0,11.26,14957,149719.57,0.627,9.37,18845.82,18359.42,12.26,2,target_hit
OMAXE,2022-07-27,2022-08-25,104.0,102.9,1373,142934.79,0.6537,96.4,-1510.3,-1935.66,-1.35,29,ema_reversal
FEDERALBNK,2022-08-22,2022-08-25,104.94,113.29,1447,152000.03,0.5539,100.76,12082.45,11602.74,7.63,3,target_hit
CROMPTON,2022-07-25,2022-08-26,367.26,407.81,462,169843.79,0.595,351.04,18734.1,18187.61,10.71,32,target_hit
BAJFINANCE,2022-08-25,2022-08-29,710.26,683.19,215,152858.61,0.5624,683.19,-5820.05,-6266.53,-4.1,4,stop_loss
BAJAJFINSV,2022-08-26,2022-08-29,1639.6,1568.61,94,154276.52,0.5694,1568.61,-6673.06,-7122.08,-4.62,3,stop_loss
PRESTIGE,2022-07-28,2022-09-01,424.37,473.75,403,171192.13,0.5812,404.62,19900.14,19347.28,11.3,35,target_hit
DLF,2022-08-05,2022-09-02,362.07,392.93,476,172517.67,0.5745,346.64,14689.36,14142.95,8.2,28,target_hit
CUB,2022-09-05,2022-09-05,175.46,166.23,909,159652.63,0.6381,166.23,-8390.07,-8851.77,-5.54,0,stop_loss
SUMICHEM,2022-07-25,2022-09-08,446.97,495.46,316,141383.76,0.5905,427.57,15322.84,14868.47,10.52,45,target_hit
ADANIPORTS,2022-08-29,2022-09-09,802.29,878.24,233,187120.5,0.5522,764.32,17696.35,17100.16,9.14,11,target_hit
GSFC,2022-09-02,2022-09-13,142.63,144.48,1121,160048.12,0.513,134.45,2073.85,1590.04,0.99,11,sector_rotation
APLAPOLLO,2022-08-30,2022-09-16,955.5,1087.47,161,153989.34,0.5543,889.51,21247.17,20743.17,13.47,17,target_hit
NETWORK18,2022-08-30,2022-09-20,70.2,68.3,2190,153891.74,0.6095,65.67,-4161.0,-4613.89,-3.0,21,ema_reversal
INDIGOPNTS,2022-09-09,2022-09-26,1543.28,1513.31,104,160661.62,0.5132,1456.27,-3116.88,-3592.15,-2.24,17,ema_reversal
LICHSGFIN,2022-09-20,2022-09-23,394.95,381.2,414,163672.81,0.5543,381.2,-5692.5,-6171.64,-3.77,3,stop_loss
FEDERALBNK,2022-09-13,2022-09-26,118.08,112.39,1373,162285.96,0.5893,112.39,-7812.37,-8283.12,-5.1,13,stop_loss
BHEL,2022-09-19,2022-09-26,59.14,56.1,3335,197429.13,0.6111,56.1,-10138.4,-10709.82,-5.42,7,stop_loss
BANKBARODA,2022-09-26,2022-09-26,118.72,113.89,1338,159006.21,0.5796,113.89,-6462.54,-6926.16,-4.36,0,stop_loss
BEL,2022-09-26,2022-09-26,100.93,97.22,1895,191453.61,0.5854,97.22,-7030.45,-7590.18,-3.96,0,stop_loss
CUB,2022-09-06,2022-09-28,174.38,166.59,917,160066.37,0.629,164.59,-7143.43,-7608.86,-4.75,22,ema_reversal
BEL,2022-09-27,2022-09-30,97.32,93.29,1897,184800.66,0.6336,93.29,-7644.91,-8183.47,-4.43,3,stop_loss
IDFCFIRSTB,2022-09-28,2022-10-04,46.95,52.18,3269,153633.03,0.5889,44.86,17096.87,16602.24,10.81,6,target_hit
POLYMED,2022-09-12,2022-10-07,863.24,975.17,186,160723.2,0.6219,807.28,20818.98,20295.65,12.63,25,target_hit
BANKBARODA,2022-09-27,2022-10-12,118.21,118.9,1304,154299.99,0.5938,113.1,899.76,435.52,0.28,15,ema_reversal
FEDERALBNK,2022-09-27,2022-10-11,109.45,121.52,1403,153711.91,0.6288,104.62,16934.21,16439.67,10.7,14,target_hit
EVEREADY,2022-10-10,2022-10-11,322.07,307.88,505,162808.0,0.5499,307.88,-7165.95,-7639.55,-4.69,1,stop_loss
INDHOTEL,2022-10-13,2022-10-13,329.17,316.91,587,193416.01,0.5804,316.91,-7196.62,-7761.9,-4.01,0,stop_loss
INDHOTEL,2022-10-14,2022-10-14,321.24,308.14,600,192936.74,0.5819,308.14,-7860.0,-8422.51,-4.37,0,stop_loss
CANBK,2022-10-03,2022-10-20,41.21,46.09,3795,156548.34,0.5598,39.26,18519.6,18013.38,11.51,17,target_hit
COALINDIA,2022-10-06,2022-10-28,168.5,182.19,1136,191607.42,0.5414,163.03,15551.84,14946.49,7.8,22,target_hit
KALYANKJIL,2022-10-13,2022-11-02,96.02,101.67,2011,193289.32,0.6451,90.17,11362.15,10760.14,5.57,20,sector_rotation
INDHOTEL,2022-10-17,2022-11-01,305.37,339.06,631,192881.16,0.6092,291.9,21258.39,20637.81,10.7,15,target_hit
GRANULES,2022-10-13,2022-11-02,339.53,372.65,474,161098.16,0.5693,326.28,15698.88,15184.67,9.43,20,target_hit
PNB,2022-11-03,2022-11-09,36.98,41.73,4571,169204.62,0.5835,35.08,21712.25,21161.72,12.51,6,target_hit
AXISBANK,2022-11-02,2022-11-10,872.69,844.58,192,167724.04,0.5422,844.58,-5397.12,-5889.0,-3.51,8,stop_loss
CHOLAFIN,2022-09-27,2022-11-15,713.26,719.82,215,153504.25,0.5377,683.48,1410.4,947.53,0.62,49,ema_reversal
KIRLOSENG,2022-10-21,2022-11-16,261.61,305.3,632,165502.86,0.6743,244.14,27612.08,27060.84,16.35,26,target_hit
METROPOLIS,2022-11-10,2022-11-16,397.3,375.67,447,177770.69,0.6022,375.67,-9668.61,-10182.05,-5.73,6,stop_loss
ADANIPOWER,2022-11-02,2022-11-18,70.0,67.99,2886,202222.02,0.5544,66.47,-5800.86,-6395.32,-3.16,16,ema_reversal
NMDC,2022-11-18,2022-11-23,30.2,33.34,6961,210432.42,0.5535,28.94,21857.54,21183.16,10.07,5,target_hit
BHEL,2022-11-15,2022-11-25,70.41,78.48,3002,211582.19,0.608,67.18,24226.14,23543.58,11.13,10,target_hit
GMRAIRPORT,2022-11-17,2022-11-25,36.5,39.77,5761,210486.78,0.5461,35.19,18838.47,18169.96,8.63,8,target_hit
EIDPARRY,2022-10-31,2022-11-29,578.96,603.05,287,166327.68,0.567,551.41,6913.83,6401.52,3.85,29,ema_reversal
GRANULES,2022-11-11,2022-11-29,358.24,352.5,495,177506.13,0.5562,344.92,-2841.3,-3367.6,-1.9,18,ema_reversal
JSL,2022-11-29,2022-12-06,172.18,192.47,1291,222506.66,0.6535,162.04,26194.39,25475.15,11.45,7,target_hit
ANGELONE,2022-11-28,2022-12-08,145.37,144.94,1257,182912.82,0.5251,139.31,-540.51,-1087.62,-0.59,10,sector_rotation
KIMS,2022-11-28,2022-12-08,294.8,300.65,619,182663.68,0.5539,281.57,3621.15,3066.46,1.68,10,sector_rotation
NCC,2022-12-08,2022-12-12,77.35,84.5,2430,188148.46,0.5499,73.78,17374.5,16775.87,8.92,4,target_hit
DATAPATTNS,2022-11-29,2022-12-15,1309.49,1221.26,141,184822.73,0.5477,1221.26,-12440.43,-12969.46,-7.02,16,stop_loss
BHEL,2022-12-16,2022-12-16,83.42,79.85,2740,228799.37,0.5989,79.85,-9781.8,-10447.95,-4.57,0,stop_loss
HINDALCO,2022-12-13,2022-12-20,455.32,436.23,500,227887.66,0.5342,436.23,-9545.0,-10208.89,-4.48,7,stop_loss
FORCEMOT,2022-11-24,2022-12-21,1488.89,1418.24,122,181826.22,0.5701,1418.24,-8619.3,-9147.0,-5.03,27,stop_loss
BANKBARODA,2022-12-19,2022-12-21,166.8,160.8,1121,187169.78,0.6345,160.8,-6726.0,-7273.5,-3.89,2,stop_loss
CANBK,2022-12-21,2022-12-21,58.54,56.53,3202,187632.53,0.6149,56.53,-6436.02,-6985.48,-3.72,0,stop_loss
NBCC,2022-12-08,2022-12-22,26.61,25.1,7060,188054.47,0.6189,25.1,-10660.6,-11202.88,-5.96,14,stop_loss
SUNTV,2022-11-17,2022-12-26,441.36,442.56,396,174953.34,0.5851,422.99,475.2,-50.09,-0.03,39,ema_reversal
BANKBARODA,2022-12-22,2022-12-23,162.96,156.65,1112,181392.73,0.6237,156.65,-7016.72,-7546.32,-4.16,1,stop_loss
BHEL,2022-12-22,2022-12-23,81.13,77.15,2680,217645.83,0.6048,77.15,-10666.4,-11297.35,-5.19,1,stop_loss
CANBK,2022-12-22,2022-12-23,57.43,55.29,3150,181085.4,0.5802,55.29,-6741.0,-7270.23,-4.01,1,stop_loss
GMRAIRPORT,2022-12-23,2022-12-23,39.4,37.7,5436,214392.58,0.5665,37.7,-9241.2,-9865.25,-4.6,0,stop_loss
BPCL,2022-12-07,2022-12-28,139.28,137.28,1634,227811.1,0.561,134.84,-3268.0,-3944.21,-1.73,21,ema_reversal
BANKBARODA,2022-12-26,2022-12-29,154.38,170.83,1123,173542.11,0.6154,146.16,18473.35,17916.3,10.32,3,target_hit
CANBK,2022-12-26,2022-12-29,52.72,58.54,3288,173516.7,0.6709,49.81,19136.16,18577.86,10.71,3,target_hit
IDFCFIRSTB,2022-12-26,2022-12-30,52.83,58.94,2462,130197.53,0.7452,49.77,15042.82,14622.53,11.23,4,target_hit
ADANIPOWER,2022-12-30,2023-01-04,61.18,57.95,3613,221264.38,0.5415,57.95,-11669.99,-12309.78,-5.56,5,stop_loss
JMFINANCIL,2023-01-03,2023-01-06,69.32,65.64,2673,185477.65,0.5923,65.64,-9836.64,-10372.84,-5.59,3,stop_loss
BHEL,2022-12-26,2023-01-11,73.49,79.35,2123,156175.29,0.7581,68.26,12440.78,11947.84,7.65,16,ema_reversal
HDFCAMC,2022-12-26,2023-01-24,974.23,932.05,177,172611.15,0.5186,932.05,-7465.86,-7968.24,-4.62,29,stop_loss
KEC,2023-01-06,2023-01-25,468.19,457.41,470,220269.35,0.5767,446.14,-5066.6,-5716.61,-2.6,19,ema_reversal
FINPIPE,2023-01-09,2023-01-24,174.35,163.8,1045,182377.95,0.6035,163.8,-11024.75,-11549.29,-6.33,15,stop_loss
FEDERALBNK,2022-12-28,2023-01-27,129.95,130.39,1381,179640.41,0.5321,124.66,607.64,68.04,0.04,30,ema_reversal
GMRAIRPORT,2022-12-30,2023-01-27,39.9,38.17,5534,221027.41,0.5743,38.17,-9573.82,-10217.09,-4.62,28,stop_loss
UCOBANK,2023-01-25,2023-01-27,29.65,27.63,6045,179413.48,0.5923,27.63,-12210.9,-12724.18,-7.09,2,stop_loss
PFC,2023-01-27,2023-01-27,98.44,93.9,2180,214813.8,0.5445,93.9,-9897.2,-10521.2,-4.9,0,stop_loss
JSL,2023-01-11,2023-02-01,230.59,263.55,952,219741.2,0.6745,217.41,31377.92,30656.6,13.95,21,target_hit
JBMA,2023-01-25,2023-02-07,258.67,250.07,693,179437.57,0.6055,244.89,-5959.8,-6485.66,-3.61,13,ema_reversal
PFC,2023-01-30,2023-02-09,93.51,98.41,2236,209297.45,0.6519,88.49,10956.4,10307.22,4.92,10,sector_rotation
RECLTD,2023-01-30,2023-02-09,96.03,100.61,2176,209170.24,0.5469,92.05,9966.08,9319.26,4.46,10,sector_rotation
EVEREADY,2023-01-30,2023-02-08,334.99,316.77,519,174033.67,0.6422,316.77,-9456.18,-9958.85,-5.72,9,stop_loss
EQUITASBNK,2023-02-09,2023-02-09,57.08,54.65,3142,179524.71,0.5518,54.65,-7635.06,-8157.83,-4.54,0,stop_loss
BANKBARODA,2023-02-02,2023-02-10,137.89,158.62,952,131402.55,0.7577,127.53,19734.96,19301.68,14.69,8,target_hit
LICHSGFIN,2023-02-09,2023-02-13,367.1,350.54,489,179691.41,0.555,350.54,-8097.84,-8620.18,-4.8,4,stop_loss
MFSL,2023-02-09,2023-02-14,761.45,723.1,235,179119.69,0.5223,723.1,-9012.25,-9531.05,-5.32,5,stop_loss
ENGINERSIN,2023-02-09,2023-02-14,76.86,72.8,2334,179570.63,0.5342,72.8,-9476.04,-9995.26,-5.57,5,stop_loss
NLCINDIA,2023-02-10,2023-02-14,72.91,69.76,2436,177786.37,0.5611,69.76,-7673.4,-8190.88,-4.61,4,stop_loss
ELGIEQUIP,2023-02-07,2023-02-20,410.02,460.34,438,179768.35,0.5896,389.89,22040.16,21457.31,11.94,13,target_hit
DATAPATTNS,2023-02-15,2023-02-20,1416.66,1336.31,123,174423.43,0.5785,1336.31,-9883.05,-10386.03,-5.95,5,stop_loss
HUDCO,2023-02-17,2023-02-21,42.34,40.32,4142,175547.65,0.5727,40.32,-8366.84,-8876.22,-5.06,4,stop_loss
TATASTEEL,2023-02-14,2023-02-27,101.62,97.95,2083,211886.13,0.526,97.95,-7644.61,-8264.34,-3.9,13,stop_loss
INDIANB,2023-02-23,2023-02-27,254.12,243.98,681,173228.78,0.567,243.98,-6905.34,-7410.7,-4.28,4,stop_loss
UCOBANK,2023-02-22,2023-03-03,23.32,27.7,5576,130162.35,0.7806,21.57,24422.88,23983.94,18.43,9,target_hit
JSL,2023-02-28,2023-03-06,255.66,287.12,794,203197.03,0.5914,239.93,24979.24,24320.3,11.97,6,target_hit
UNIONBANK,2023-03-06,2023-03-08,67.46,64.44,2709,182931.89,0.5993,64.44,-8181.18,-8713.07,-4.76,2,stop_loss
ELGIEQUIP,2023-02-28,2023-03-13,426.74,483.53,396,169158.03,0.6417,398.35,22488.84,21936.9,12.97,13,target_hit
KRBL,2023-03-09,2023-03-13,362.93,346.38,501,182009.76,0.5973,346.38,-8291.55,-8820.45,-4.85,4,stop_loss
WELENT,2023-03-09,2023-03-14,131.36,124.89,1382,181721.06,0.6362,124.89,-8941.54,-9468.28,-5.21,5,stop_loss
INDIANB,2023-03-14,2023-03-14,260.51,245.68,686,178888.57,0.6014,245.68,-10173.38,-10689.16,-5.98,0,stop_loss
CANBK,2023-02-02,2023-03-16,50.99,50.63,2583,131838.88,0.7439,47.38,-929.88,-1323.14,-1.0,42,ema_reversal
SAFARI,2023-02-20,2023-03-15,982.48,932.34,214,210460.97,0.6249,932.34,-10729.96,-11339.25,-5.39,23,stop_loss
ONGC,2023-03-15,2023-03-16,132.39,128.05,1596,211505.73,0.54,128.05,-6926.64,-7546.67,-3.57,1,stop_loss
PFC,2023-03-17,2023-03-20,111.68,106.59,1858,207708.94,0.607,106.59,-9457.22,-10060.81,-4.84,3,stop_loss
EQUITASBNK,2023-03-14,2023-03-24,62.94,63.63,2841,178991.35,0.6904,57.32,1960.29,1419.93,0.79,10,ema_reversal
RECLTD,2023-03-15,2023-03-27,100.65,98.56,2098,211374.86,0.5263,96.55,-4384.82,-5009.54,-2.37,12,ema_reversal
ADANIPORTS,2023-03-16,2023-03-27,676.11,618.53,308,208450.12,0.5423,618.53,-17734.64,-18323.9,-8.79,11,stop_loss
ELGIEQUIP,2023-03-27,2023-03-27,462.56,436.81,367,169929.28,0.6189,436.81,-9450.25,-9940.63,-5.85,0,stop_loss
JSL,2023-03-24,2023-03-28,289.09,269.42,720,208352.94,0.5585,269.42,-14162.4,-14758.51,-7.08,4,stop_loss
BLUESTARCO,2023-03-21,2023-03-29,715.07,672.8,242,173219.99,0.6144,672.8,-10229.34,-10728.02,-6.19,8,stop_loss
TORNTPOWER,2023-03-28,2023-03-29,466.54,506.35,358,167188.34,0.5398,446.63,14251.98,13722.41,8.21,1,target_hit
BPCL,2023-03-28,2023-04-03,144.02,139.49,1391,200532.15,0.5268,139.49,-6301.23,-6889.62,-3.44,6,stop_loss
DATAPATTNS,2023-02-22,2023-04-06,1250.87,1451.98,138,172792.68,0.6171,1170.42,27753.18,27179.81,15.73,43,target_hit
CANBK,2023-03-31,2023-04-13,51.33,51.61,3240,166475.51,0.5389,48.89,907.2,406.46,0.24,13,sector_rotation
FEDERALBNK,2023-03-31,2023-04-13,127.2,124.8,1305,166162.0,0.5446,122.8,-3132.0,-3623.72,-2.18,13,sector_rotation
MAXHEALTH,2023-04-10,2023-04-12,434.12,473.34,395,171648.88,0.5232,418.43,15491.9,14946.48,8.71,2,target_hit
ELGIEQUIP,2023-03-29,2023-04-18,420.51,477.56,390,164162.9,0.6923,391.99,22249.5,21713.0,13.23,20,target_hit
GPPL,2023-04-13,2023-04-18,96.02,91.85,1824,175315.62,0.5685,91.85,-7606.08,-8116.29,-4.63,5,stop_loss
ZENTEC,2023-04-13,2023-04-25,308.56,290.0,567,175128.47,0.6518,290.0,-10523.52,-11027.33,-6.3,12,stop_loss
AXISCADES,2023-04-05,2023-05-03,280.85,323.72,602,169240.77,0.6319,263.7,25807.74,25248.91,14.92,28,target_hit
PFC,2023-04-20,2023-05-04,113.4,124.34,1866,211816.0,0.5927,109.02,20414.04,19738.4,9.32,14,target_hit
IIFL,2023-04-18,2023-05-11,451.31,442.68,387,174831.63,0.5843,429.1,-3339.81,-3857.1,-2.21,23,ema_reversal
ONWARDTEC,2023-04-19,2023-05-12,320.05,367.07,552,176844.27,0.6127,301.24,25955.04,25373.13,14.35,23,target_hit
DLF,2023-04-26,2023-05-15,401.79,431.88,516,207530.96,0.6005,389.75,15526.44,14873.42,7.17,19,target_hit
CANBK,2023-05-16,2023-05-19,55.15,52.94,3358,185378.89,0.5086,52.94,-7421.18,-7961.92,-4.29,3,stop_loss
JBMA,2023-05-04,2023-05-23,390.83,381.45,453,177223.04,0.6679,368.27,-4249.14,-4771.78,-2.69,19,ema_reversal
SIEMENS,2023-05-22,2023-05-22,2097.51,2016.23,103,216259.57,0.5033,2016.23,-8371.84,-9003.23,-4.16,0,stop_loss
KIRLOSENG,2023-05-05,2023-05-30,386.51,381.91,465,179906.88,0.6334,362.35,-2139.0,-2673.9,-1.49,25,ema_reversal
RECLTD,2023-05-23,2023-05-30,110.84,119.56,1961,217574.6,0.5642,106.48,17099.92,16413.65,7.54,7,target_hit
OLECTRA,2023-03-17,2023-05-31,606.51,736.52,265,160885.88,0.685,541.5,34452.65,33901.57,21.07,75,target_hit
SIEMENS,2023-05-23,2023-06-14,1990.8,2192.77,108,215221.41,0.5345,1889.81,21812.76,21124.12,9.82,22,target_hit
UNIONBANK,2023-05-15,2023-06-19,65.27,65.09,2819,184180.13,0.5026,62.04,-507.42,-1058.39,-0.57,35,sector_rotation
BHEL,2023-05-11,2023-06-19,80.19,88.53,2688,215766.27,0.6027,76.02,22417.92,21726.43,10.07,39,target_hit
AXISCADES,2023-05-30,2023-06-21,373.95,431.92,491,183793.06,0.6493,344.96,28463.27,27855.52,15.16,22,target_hit
CHALET,2023-06-19,2023-06-22,429.07,411.21,445,191127.09,0.5296,411.21,-7947.7,-8504.61,-4.45,3,stop_loss
ADANIENT,2023-05-31,2023-06-23,2478.6,2289.87,89,220816.0,0.5284,2289.87,-16796.97,-17425.16,-7.89,23,stop_loss
INDIACEM,2023-06-20,2023-06-23,222.95,212.96,856,191036.05,0.5985,212.96,-8551.44,-9106.87,-4.77,3,stop_loss
FEDERALBNK,2023-06-15,2023-06-26,122.25,119.34,1549,189554.62,0.5046,119.34,-4507.59,-5066.67,-2.67,11,stop_loss
TORNTPOWER,2023-06-27,2023-07-04,611.64,576.6,312,191022.51,0.6438,576.6,-10932.48,-11483.11,-6.01,7,stop_loss
GODREJPROP,2023-06-23,2023-07-06,1498.9,1620.9,152,228060.63,0.5583,1437.9,18544.0,17823.41,7.82,13,target_hit
TATACOMM,2023-06-26,2023-07-11,1511.01,1513.45,125,189065.13,0.6083,1442.73,305.0,-262.24,-0.14,15,sector_rotation
ELGIEQUIP,2023-06-01,2023-07-12,532.95,610.79,348,185652.07,0.6569,494.03,27088.32,26477.74,14.26,41,target_hit
TORNTPOWER,2023-07-07,2023-07-13,620.41,585.67,311,193140.46,0.616,585.67,-10804.14,-11361.37,-5.88,6,stop_loss
ALOKINDS,2023-07-13,2023-07-24,16.1,14.87,12394,199742.94,0.5938,14.87,-15244.62,-15812.76,-7.92,11,stop_loss
DLF,2023-06-22,2023-07-27,473.08,479.4,493,233461.67,0.5267,455.68,3115.76,2409.84,1.03,35,ema_reversal
BEL,2023-06-26,2023-07-28,117.81,126.95,1928,227364.82,0.5824,113.24,17621.92,16905.26,7.44,32,target_hit
IDFCFIRSTB,2023-07-11,2023-07-31,79.29,86.36,2407,191041.88,0.6199,75.75,17017.49,16410.9,8.59,20,target_hit
AVALON,2023-07-25,2023-08-03,615.35,575.95,313,192797.15,0.6896,561.38,-12332.2,-12885.35,-6.68,9,ema_reversal
BANKBARODA,2023-07-14,2023-08-04,185.5,178.39,1058,196455.26,0.5706,178.39,-7522.38,-8096.11,-4.12,21,stop_loss
ADANIPOWER,2023-07-27,2023-08-04,51.28,56.48,4502,231093.42,0.6124,48.68,23410.4,22670.99,9.81,8,target_hit
HINDPETRO,2023-07-31,2023-08-07,170.04,161.58,1369,233017.54,0.5352,161.58,-11581.74,-12256.93,-5.26,7,stop_loss
ADANIGREEN,2023-08-03,2023-08-07,1052.45,990.7,220,231770.54,0.5541,990.7,-13585.0,-14252.45,-6.15,4,stop_loss
AXISCADES,2023-07-07,2023-08-09,470.1,534.64,411,193404.31,0.6741,437.83,26525.94,25893.25,13.39,33,target_hit
CANFINHOME,2023-08-01,2023-08-14,729.31,684.28,273,199300.73,0.5485,684.28,-12293.19,-12865.91,-6.46,13,stop_loss
CANBK,2023-08-07,2023-08-21,61.96,61.75,3108,192764.25,0.5395,59.46,-652.68,-1229.09,-0.64,14,ema_reversal
APLAPOLLO,2023-08-10,2023-08-25,1522.23,1682.26,129,196564.04,0.6003,1442.21,20643.87,20013.48,10.18,15,target_hit
IPCALAB,2023-08-16,2023-08-30,882.61,883.61,220,194368.37,0.576,839.05,220.0,-362.96,-0.19,14,sector_rotation
ADANIGREEN,2023-08-21,2023-08-31,1006.4,939.91,229,230696.07,0.5273,939.91,-15226.21,-15887.15,-6.89,10,stop_loss
CUMMINSIND,2023-08-08,2023-09-01,1703.68,1630.9,113,192708.36,0.4986,1630.9,-8224.14,-8785.24,-4.56,24,stop_loss
GODREJPROP,2023-08-07,2023-09-04,1516.35,1668.63,151,229197.82,0.5074,1440.21,22994.28,22261.38,9.71,28,target_hit
GAIL,2023-08-08,2023-09-04,102.98,110.67,2260,232967.53,0.5516,99.13,17379.4,16646.44,7.15,27,target_hit
AJANTPHARM,2023-08-28,2023-09-07,1654.58,1685.58,119,197091.92,0.577,1575.14,3689.0,3090.94,1.57,10,sector_rotation
PFC,2023-09-05,2023-09-08,189.66,207.65,1264,239969.97,0.5783,180.66,22739.36,21974.69,9.16,3,target_hit
RECLTD,2023-09-07,2023-09-08,211.11,231.34,1127,238158.89,0.6873,201.0,22799.21,22039.85,9.25,1,target_hit
CANBK,2023-09-05,2023-09-11,63.37,67.63,3153,200005.42,0.5618,61.24,13431.78,12805.5,6.4,6,target_hit
EVEREADY,2023-09-05,2023-09-12,414.42,390.42,481,199535.36,0.626,390.42,-11544.0,-12118.92,-6.07,7,stop_loss
PFC,2023-09-11,2023-09-12,222.51,211.16,1117,248792.21,0.6754,211.16,-12677.95,-13398.23,-5.39,1,stop_loss
FINPIPE,2023-09-12,2023-09-12,235.9,223.75,889,209924.82,0.6723,223.75,-10801.35,-11408.89,-5.43,0,stop_loss
GMRAIRPORT,2023-09-01,2023-09-13,62.15,58.59,3788,235659.62,0.6349,58.59,-13485.28,-14164.58,-6.01,12,stop_loss
DATAPATTNS,2023-09-11,2023-09-13,2163.18,2018.88,95,205707.6,0.5342,2018.88,-13708.5,-14297.59,-6.95,2,stop_loss
UNIONBANK,2023-08-30,2023-09-15,82.41,91.53,2414,199136.68,0.6095,77.85,22015.68,21374.84,10.73,16,target_hit
INDHOTEL,2023-09-14,2023-09-26,412.24,406.03,581,239750.95,0.5133,397.66,-3608.01,-4319.33,-1.8,12,sector_rotation
JUBLFOOD,2023-09-14,2023-09-26,518.02,538.45,462,239564.57,0.5277,496.89,9438.66,8701.81,3.63,12,sector_rotation
SUNTV,2023-09-18,2023-09-28,566.44,544.63,358,202988.31,0.5835,544.63,-7807.98,-8400.72,-4.14,10,stop_loss
JSL,2023-09-26,2023-10-03,437.89,499.88,551,241518.67,0.6239,413.09,34156.49,33364.34,13.81,7,target_hit
IEX,2023-09-13,2023-10-05,126.84,126.46,1575,199972.77,0.5786,121.17,-598.5,-1196.62,-0.6,22,ema_reversal
NATIONALUM,2023-09-26,2023-10-06,83.7,85.27,2884,241632.19,0.5407,80.38,4527.88,3794.65,1.57,10,ema_reversal
IDFCFIRSTB,2023-09-13,2023-10-09,93.05,89.76,2147,199978.13,0.5923,88.83,-7063.63,-7648.84,-3.82,26,ema_reversal
ADANIPOWER,2023-10-04,2023-10-09,73.46,69.39,3414,251043.23,0.5669,69.39,-13894.98,-14619.57,-5.82,5,stop_loss
INDUSTOWER,2023-10-09,2023-10-20,180.1,189.9,1148,206961.55,0.5039,170.44,11250.4,10607.63,5.13,11,sector_rotation
PNB,2023-10-10,2023-10-23,71.12,69.64,2825,201114.91,0.6069,67.75,-4181.0,-4775.38,-2.37,13,ema_reversal
BHEL,2023-09-13,2023-10-23,126.58,116.81,1897,240362.38,0.6808,116.81,-18533.69,-19216.99,-8.0,40,stop_loss
IBREALEST,2023-10-05,2023-10-23,80.5,75.72,2558,206124.92,0.6047,75.72,-12227.24,-12820.54,-6.22,18,stop_loss
ADANIPOWER,2023-10-20,2023-10-23,68.6,65.51,3604,247481.63,0.5696,65.51,-11136.36,-11855.79,-4.79,3,stop_loss
GODREJIND,2023-10-23,2023-10-23,654.85,623.04,310,203206.5,0.6956,623.04,-9861.1,-10450.39,-5.14,0,stop_loss
ZEEL,2023-09-29,2023-10-25,248.49,238.23,815,202721.87,0.5243,238.23,-8361.9,-8952.73,-4.42,26,stop_loss
PFC,2023-10-06,2023-10-26,217.74,208.02,1133,246946.12,0.6257,208.02,-11012.76,-11730.83,-4.75,20,stop_loss
ADANIPOWER,2023-10-25,2023-10-26,65.39,61.24,3575,234003.02,0.6928,61.24,-14836.25,-15507.89,-6.63,1,stop_loss
CANBK,2023-10-25,2023-10-26,67.67,64.82,2859,193662.0,0.5333,64.82,-8148.15,-8712.26,-4.5,1,stop_loss
ADANIPOWER,2023-10-27,2023-11-02,66.4,76.35,3378,224523.5,0.6157,61.43,33611.1,32870.98,14.64,6,target_hit
CUB,2023-10-26,2023-11-09,128.35,139.62,1487,191047.31,0.5282,122.72,16758.49,16152.4,8.45,14,target_hit
BANKBARODA,2023-10-25,2023-11-13,184.23,183.57,1051,193819.36,0.5397,176.57,-693.66,-1273.15,-0.66,19,sector_rotation
CANBK,2023-10-27,2023-11-13,67.99,72.97,2741,186546.95,0.5313,64.93,13650.18,13063.8,7.0,17,sector_rotation
COALINDIA,2023-10-27,2023-11-13,254.31,272.11,878,223507.46,0.5945,245.41,15628.4,14927.29,6.68,17,target_hit
GMRAIRPORT,2023-10-25,2023-11-17,54.0,59.27,4291,231945.71,0.5688,51.37,22613.57,21873.2,9.43,23,target_hit
EQUITASBNK,2023-11-10,2023-11-29,92.61,93.8,2173,201442.77,0.5543,88.61,2585.87,1976.97,0.98,19,ema_reversal
ADANIPOWER,2023-11-20,2023-11-28,77.46,86.68,3211,248972.78,0.5607,72.85,29605.42,28800.04,11.57,8,target_hit
ADANIENSOL,2023-11-29,2023-11-30,899.0,856.67,281,252871.62,0.5026,856.67,-11894.73,-12628.8,-4.99,1,stop_loss
OMAXE,2023-11-13,2023-12-04,79.75,79.95,2537,202528.08,0.6832,74.31,507.4,-100.59,-0.05,21,ema_reversal
IFCI,2023-11-13,2023-12-04,23.25,27.1,8732,203222.02,0.6089,21.71,33618.2,32941.91,16.21,21,target_hit
CHALET,2023-11-03,2023-12-06,571.42,571.67,348,199053.01,0.6336,545.93,87.0,-509.74,-0.26,33,ema_reversal
ALOKINDS,2023-11-29,2023-12-08,20.4,23.19,10243,209166.16,0.6326,19.01,28577.97,27893.94,13.34,9,target_hit
AXISCADES,2023-12-01,2023-12-08,551.0,621.06,378,208486.28,0.6099,515.97,26482.68,25804.88,12.38,7,target_hit
RITES,2023-11-15,2023-12-12,216.11,238.71,953,206158.78,0.5442,207.07,21537.8,20876.87,10.13,27,target_hit
FIVESTAR,2023-12-04,2023-12-13,747.31,709.33,278,207959.93,0.514,709.33,-10558.44,-11160.58,-5.37,9,stop_loss
ANGELONE,2023-12-06,2023-12-18,290.01,324.51,728,211338.41,0.6505,272.76,25116.0,24432.39,11.56,12,target_hit
GOKEX,2023-12-11,2023-12-20,897.0,893.0,244,219086.87,0.5788,828.26,-976.0,-1630.65,-0.74,9,ema_reversal
ZEEL,2023-12-20,2023-12-20,264.76,246.83,871,230836.57,0.5641,246.83,-15617.03,-16277.61,-7.05,0,stop_loss
ARVINDFASN,2023-12-11,2023-12-21,406.59,381.66,540,219778.16,0.6322,381.66,-13462.2,-14093.95,-6.41,10,stop_loss
IONEXCHANG,2023-12-05,2023-12-29,558.75,559.24,378,211418.71,0.5831,521.19,185.22,-448.77,-0.21,24,ema_reversal
INDUSTOWER,2023-12-22,2024-01-02,187.3,208.79,1188,222734.91,0.5711,176.56,25530.12,24811.52,11.14,11,target_hit
ADANIGREEN,2023-12-14,2024-01-03,1435.95,1699.9,186,267353.79,0.6371,1303.97,49094.7,48195.25,18.03,20,target_hit
ADANIENSOL,2023-12-19,2024-01-03,1051.0,1244.78,262,275637.36,0.6094,954.11,50770.36,49842.73,18.08,15,target_hit
CANBK,2023-12-21,2024-01-03,79.52,85.82,2756,219376.28,0.5902,76.37,17362.8,16670.6,7.6,13,target_hit
TASTYBITE,2024-01-04,2024-01-08,14890.15,14082.4,16,238480.64,0.4897,14082.4,-12924.0,-13612.88,-5.71,4,stop_loss
BANKBARODA,2024-01-09,2024-01-19,213.48,215.88,1123,239977.78,0.5375,203.97,2695.2,1970.6,0.82,10,sector_rotation
AVALON,2024-01-03,2024-01-24,537.9,520.45,428,230451.42,0.5404,510.5,-7468.6,-8144.33,-3.53,21,ema_reversal
NESCO,2024-01-03,2024-01-23,861.12,818.26,267,230148.96,0.5618,818.26,-11443.62,-12110.49,-5.26,20,stop_loss
ADANIENT,2023-12-13,2024-02-01,2857.47,3221.32,92,263150.13,0.544,2675.55,33474.2,32618.59,12.4,50,target_hit
GALLANTT,2024-01-04,2024-02-01,179.22,210.04,1351,242368.35,0.6926,163.81,41637.82,40828.17,16.85,28,target_hit
NLCINDIA,2024-01-04,2024-02-02,222.79,260.45,1086,242191.89,0.7003,203.96,40898.76,40091.11,16.55,29,target_hit
ADANIPORTS,2024-01-19,2024-02-02,1151.68,1254.93,246,283596.59,0.6335,1100.06,25399.5,24498.76,8.64,14,target_hit
BHARTIARTL,2024-02-02,2024-02-05,1139.08,1099.69,225,256549.29,0.5157,1099.69,-8862.75,-9613.9,-3.75,3,stop_loss
BIOCON,2024-01-24,2024-02-06,261.79,290.54,888,232701.99,0.6123,250.29,25530.0,24781.53,10.65,13,target_hit
BEL,2024-02-02,2024-02-12,180.95,172.94,1704,308647.14,0.5311,172.94,-13649.04,-14546.76,-4.71,10,stop_loss
ALOKINDS,2024-02-07,2024-02-13,30.9,28.05,8461,261706.34,0.5922,28.05,-24113.85,-24849.96,-9.5,6,stop_loss
BEL,2024-02-13,2024-02-19,171.57,188.83,1775,304841.29,0.52,164.66,30636.5,29661.62,9.73,6,target_hit
LAURUSLABS,2024-02-05,2024-02-22,390.46,394.09,665,259915.56,0.5036,370.88,2413.95,1630.15,0.63,17,ema_reversal
CHOLAFIN,2024-02-06,2024-02-22,1143.41,1078.12,225,257524.52,0.5159,1078.12,-14690.25,-15432.67,-5.99,16,stop_loss
INDUSTOWER,2024-02-05,2024-02-23,216.5,243.94,1201,260276.52,0.573,202.78,32955.44,32109.48,12.34,18,target_hit
ADANIPOWER,2024-01-24,2024-03-14,104.56,100.38,2672,279663.7,0.5693,99.52,-11168.96,-11984.78,-4.29,50,ema_reversal
COALINDIA,2024-02-22,2024-03-13,385.1,361.96,806,310700.99,0.632,361.96,-18650.84,-19544.71,-6.29,20,stop_loss
FEDERALBNK,2024-02-26,2024-03-14,150.69,143.79,1773,267440.54,0.5096,143.79,-12233.7,-13010.75,-4.86,17,stop_loss
ARVINDFASN,2024-02-20,2024-03-19,448.05,450.49,589,264165.35,0.6631,409.1,1437.16,642.58,0.24,28,sector_rotation
TORNTPOWER,2024-02-23,2024-03-19,1097.57,1160.04,239,262581.55,0.6672,1016.33,14930.33,14113.51,5.37,25,sector_rotation
PNB,2024-03-15,2024-03-20,115.84,110.21,2223,257769.83,0.5864,110.21,-12515.49,-13263.0,-5.15,5,stop_loss
ADANIPOWER,2024-03-19,2024-03-20,105.79,100.58,2951,312498.48,0.5626,100.58,-15374.71,-16280.52,-5.21,1,stop_loss
ADANIENT,2024-03-14,2024-03-28,2924.86,3214.91,103,301561.84,0.5164,2779.83,29875.15,28911.62,9.59,14,target_hit
ICICIPRULI,2024-03-19,2024-04-01,564.22,619.86,461,260365.53,0.5593,541.97,25650.04,24818.42,9.53,13,target_hit
CANBK,2024-03-14,2024-04-02,100.38,111.87,2522,253411.52,0.6526,94.64,28977.78,28160.35,11.11,19,target_hit
ADANIPOWER,2024-03-21,2024-04-02,103.56,116.48,2939,304667.2,0.5821,97.1,37971.88,36982.85,12.14,12,target_hit
IDFCFIRSTB,2024-04-02,2024-04-08,77.25,83.08,3482,269253.48,0.5518,74.92,20300.06,19452.51,7.22,6,target_hit
NMDC,2024-04-02,2024-04-10,64.93,72.68,4970,323024.8,0.5815,61.83,38517.5,37472.36,11.6,8,target_hit
UNIONBANK,2024-04-12,2024-04-16,142.29,134.86,2036,289992.14,0.5059,134.86,-15127.48,-15966.33,-5.51,4,stop_loss
GSFC,2024-04-03,2024-04-24,211.92,241.81,1289,273438.04,0.5885,199.96,38528.21,37631.66,13.76,21,target_hit
BHARATFORG,2024-02-14,2024-04-25,1069.27,1219.25,284,303976.35,0.566,1009.28,42594.32,41598.11,13.68,71,target_hit
CARBORUNIV,2024-04-09,2024-04-25,1246.52,1395.56,228,284490.77,0.5969,1172.0,33981.12,33060.54,11.62,16,target_hit
PNBHOUSING,2024-04-03,2024-04-29,716.35,819.55,381,273202.28,0.5711,675.07,39319.2,38421.77,14.06,26,target_hit
EQUITASBNK,2024-04-02,2024-05-03,93.8,95.72,2868,269287.42,0.548,90.04,5506.56,4688.49,1.74,31,ema_reversal
PNB,2024-04-18,2024-05-07,124.72,119.68,2262,282398.76,0.5556,119.68,-11400.48,-12224.03,-4.33,19,stop_loss
DATAPATTNS,2024-05-03,2024-05-07,2945.09,2721.88,103,303647.61,0.5141,2721.88,-22990.63,-23854.68,-7.86,4,stop_loss
JSWENERGY,2024-04-29,2024-05-08,599.6,565.38,596,357718.96,0.6299,565.38,-20395.12,-21426.41,-5.99,9,stop_loss
INDUSTOWER,2024-05-09,2024-05-10,338.3,322.87,862,291906.21,0.6069,322.87,-13300.66,-14148.9,-4.85,1,stop_loss
FORCEMOT,2024-04-30,2024-05-13,9550.02,8764.17,31,296346.67,0.5002,8764.17,-24361.35,-25200.78,-8.5,13,stop_loss
ICICIPRULI,2024-04-25,2024-05-16,570.65,581.63,515,294178.63,0.5078,541.66,5654.7,4761.74,1.62,21,ema_reversal
WHIRLPOOL,2024-04-30,2024-05-21,1468.71,1622.04,245,360193.78,0.5763,1392.05,37565.85,36411.22,10.11,21,target_hit
HINDALCO,2024-05-08,2024-05-21,607.14,660.36,569,345808.12,0.5919,585.85,30282.18,29185.23,8.44,13,target_hit
METROPOLIS,2024-05-14,2024-05-22,457.25,509.37,624,285609.32,0.5938,436.4,32522.88,31601.86,11.06,8,target_hit
BIOCON,2024-05-08,2024-05-24,295.2,329.46,976,288403.32,0.603,281.5,33437.76,32506.54,11.27,16,target_hit
INDUSTOWER,2024-05-13,2024-06-03,329.0,367.51,870,286516.23,0.58,313.6,33503.7,32578.0,11.37,21,target_hit
CHALET,2024-05-16,2024-06-04,781.03,732.48,373,291615.51,0.6436,732.48,-18109.15,-18946.9,-6.5,19,stop_loss
CUB,2024-05-22,2024-06-04,143.32,136.25,2075,297686.39,0.5409,136.25,-14670.25,-15533.08,-5.22,13,stop_loss
BLUESTARCO,2024-05-27,2024-06-04,1471.95,1639.93,207,304998.34,0.5414,1387.96,34771.86,33788.24,11.08,8,target_hit
NMDC,2024-06-04,2024-06-04,82.05,77.54,4590,376986.11,0.5394,77.54,-20700.9,-21789.33,-5.78,0,stop_loss
GALLANTT,2024-05-23,2024-06-05,274.31,252.46,1098,301493.57,0.6289,252.46,-23991.3,-24846.89,-8.24,13,stop_loss
ADANIGREEN,2024-06-05,2024-06-05,1704.0,1579.13,212,361609.25,0.6399,1579.13,-26472.44,-27503.24,-7.61,0,stop_loss
ADANIENSOL,2024-06-05,2024-06-05,997.0,927.19,360,359278.92,0.5555,927.19,-25131.6,-26158.1,-7.28,0,stop_loss
BEL,2024-06-05,2024-06-05,260.62,240.4,1374,358449.97,0.6709,240.4,-27782.28,-28800.99,-8.03,0,stop_loss
BHARATFORG,2024-06-05,2024-06-05,1472.25,1400.16,241,355167.06,0.5706,1400.16,-17373.69,-18403.38,-5.18,0,stop_loss
DHANUKA,2024-05-22,2024-06-10,1238.14,1423.56,240,297450.75,0.5745,1145.43,44500.8,43520.34,14.63,19,target_hit
BHARATFORG,2024-06-06,2024-06-14,1496.95,1687.32,227,340147.46,0.5963,1420.8,43213.99,42108.14,12.38,8,target_hit
ADANIGREEN,2024-06-06,2024-06-20,1875.0,1807.75,184,345345.0,0.5344,1732.98,-12374.0,-13384.25,-3.88,14,sector_rotation
ADANIENSOL,2024-06-06,2024-06-20,995.0,1012.8,346,344614.27,0.5752,914.2,6158.8,5113.67,1.48,14,sector_rotation
ADANIPOWER,2024-06-11,2024-06-21,155.0,148.63,2225,345219.87,0.6105,138.83,-14173.25,-15179.53,-4.4,10,sector_rotation
OBEROIRLTY,2024-06-20,2024-06-27,1854.57,1751.68,197,365715.64,0.5642,1751.68,-20269.33,-21324.84,-5.83,7,stop_loss
BIOCON,2024-06-20,2024-07-04,331.35,361.96,921,305478.52,0.5695,312.4,28191.81,27219.91,8.91,14,sector_rotation
GLAXO,2024-06-21,2024-07-04,2495.92,2571.53,123,307305.16,0.5155,2339.94,9300.03,8360.44,2.72,13,sector_rotation
BEL,2024-06-06,2024-07-05,263.08,317.31,1300,342346.0,0.6411,241.39,70499.0,69331.99,20.25,29,target_hit
FINPIPE,2024-06-18,2024-07-09,330.05,312.19,922,304610.41,0.6512,307.51,-16466.92,-17346.9,-5.69,21,ema_reversal
IEX,2024-07-09,2024-07-10,176.94,168.12,1734,307120.77,0.5783,168.12,-15293.88,-16183.73,-5.27,1,stop_loss
BHARATFORG,2024-06-28,2024-07-19,1664.93,1580.69,217,361651.1,0.5681,1580.69,-18280.08,-19327.39,-5.34,21,stop_loss
IFBIND,2024-07-04,2024-07-19,1657.0,1521.71,184,305192.89,0.5929,1521.71,-24893.36,-25758.24,-8.44,15,stop_loss
IEX,2024-07-11,2024-07-19,173.25,163.93,1751,303664.11,0.5618,163.93,-16319.32,-17196.76,-5.66,8,stop_loss
CANFINHOME,2024-07-08,2024-07-22,863.1,821.95,357,308434.83,0.5605,821.95,-14690.55,-15585.55,-5.05,14,stop_loss
RECLTD,2024-07-22,2024-07-23,546.54,521.15,648,354512.08,0.6231,521.15,-16452.72,-17482.29,-4.93,1,stop_loss
CUMMINSIND,2024-07-23,2024-07-23,3576.39,3372.06,84,300717.18,0.5343,3372.06,-17163.72,-18030.64,-6.0,0,stop_loss
AVANTIFEED,2024-06-18,2024-07-24,581.36,656.61,523,304355.33,0.6303,543.74,39355.75,38364.88,12.61,36,target_hit
CROMPTON,2024-07-04,2024-07-25,404.71,441.82,908,367844.16,0.5436,386.16,33695.88,32526.06,8.84,21,target_hit
LAURUSLABS,2024-07-26,2024-07-26,412.76,454.7,725,299550.25,0.5313,391.79,30406.5,29447.93,9.83,0,target_hit
BHEL,2024-07-24,2024-08-05,307.1,286.5,1148,352903.35,0.545,286.5,-23648.8,-24659.15,-6.99,12,stop_loss
RAILTEL,2024-07-24,2024-08-06,486.98,476.09,525,255920.16,0.6699,430.96,-5717.25,-6472.81,-2.53,13,ema_reversal
CANBK,2024-07-29,2024-08-05,111.22,106.05,2775,308944.14,0.5468,106.05,-14346.75,-15243.96,-4.93,7,stop_loss
EXICOM,2024-07-22,2024-08-07,426.0,398.0,695,296366.07,0.6843,389.7,-19460.0,-20309.29,-6.85,16,ema_reversal
CHAMBLFERT,2024-07-22,2024-08-19,467.66,477.23,632,295856.68,0.5966,441.61,6048.24,5149.46,1.74,28,ema_reversal
GODREJPROP,2024-08-06,2024-08-19,2880.0,2959.4,122,351711.36,0.5914,2731.21,9686.8,8613.35,2.45,13,sector_rotation
CUMMINSIND,2024-07-25,2024-08-26,3408.11,3849.19,87,296802.08,0.5492,3187.57,38373.96,37407.7,12.6,32,target_hit
ADANIPOWER,2024-08-19,2024-08-26,139.6,133.1,2562,358012.86,0.5365,133.1,-16653.0,-17692.66,-4.94,7,stop_loss
BIOCON,2024-08-19,2024-09-04,341.54,380.02,872,298120.7,0.5484,326.15,33554.56,32593.98,10.93,16,target_hit
MMTC,2024-08-27,2024-09-05,101.0,98.4,2990,302291.99,0.6022,92.31,-7774.0,-8664.42,-2.87,9,ema_reversal
ICICIPRULI,2024-08-07,2024-09-05,707.31,771.79,412,291703.13,0.5443,681.52,26565.76,25638.39,8.79,29,target_hit
GAIL,2024-08-06,2024-09-09,209.96,206.35,1686,354346.55,0.5497,200.49,-6086.46,-7136.26,-2.01,34,ema_reversal
DHANUKA,2024-09-05,2024-09-06,1713.07,1606.62,179,306946.17,0.5393,1606.62,-19054.55,-19936.36,-6.5,1,stop_loss
INDIANB,2024-09-06,2024-09-06,537.26,507.65,568,305468.84,0.5114,507.65,-16818.48,-17700.33,-5.79,0,stop_loss
GRANULES,2024-09-09,2024-09-12,671.5,640.31,444,298444.15,0.6099,640.31,-13848.36,-14715.1,-4.93,3,stop_loss
INDUSTOWER,2024-08-06,2024-09-19,418.05,399.57,703,294183.04,0.6055,399.57,-12991.44,-13847.12,-4.71,44,stop_loss
ADANIPOWER,2024-09-13,2024-09-24,128.53,134.4,2795,359600.59,0.5706,121.93,16406.65,15296.11,4.25,11,sector_rotation
ELGIEQUIP,2024-09-05,2024-09-30,697.32,663.2,438,305731.59,0.5236,659.26,-14944.56,-15830.95,-5.18,25,ema_reversal
BALRAMCHIN,2024-09-09,2024-09-27,557.49,618.71,536,299113.45,0.6337,526.88,32813.92,31851.85,10.65,18,target_hit
BIOCON,2024-09-20,2024-10-04,362.81,358.87,814,295622.67,0.5437,346.21,-3207.16,-4086.73,-1.38,14,ema_reversal
PFC,2024-09-30,2024-10-03,459.93,437.39,781,359564.54,0.5106,437.39,-17603.74,-18646.15,-5.19,3,stop_loss
DHANUKA,2024-09-09,2024-10-04,1587.01,1479.39,188,298656.24,0.6128,1479.39,-20232.56,-21087.17,-7.06,25,stop_loss
BEL,2024-09-24,2024-10-04,282.86,271.41,1260,356760.0,0.5009,271.41,-14427.0,-15467.36,-4.34,10,stop_loss
GRANULES,2024-10-04,2024-10-04,593.19,562.07,494,293328.9,0.6059,562.07,-15373.28,-16221.64,-5.53,0,stop_loss
SUNTV,2024-08-27,2024-10-08,763.41,763.27,395,301848.5,0.5002,722.63,-55.3,-959.83,-0.32,42,ema_reversal
ARVINDFASN,2024-10-07,2024-10-07,570.34,544.97,502,286596.99,0.6057,544.97,-12735.74,-13569.2,-4.73,0,stop_loss
BLUESTARCO,2024-10-07,2024-10-07,2035.22,1931.88,140,285215.73,0.5745,1931.88,-14467.6,-15293.46,-5.36,0,stop_loss
IEX,2024-09-30,2024-10-10,200.28,200.08,1496,299918.5,0.6106,187.13,-299.2,-1197.46,-0.4,10,sector_rotation
HINDPETRO,2024-10-08,2024-10-16,374.19,417.76,896,335609.51,0.5935,352.4,39038.72,37954.82,11.31,8,target_hit
CROMPTON,2024-10-04,2024-10-18,425.07,408.21,827,351884.42,0.5266,408.21,-13943.22,-14969.93,-4.25,14,stop_loss
GAIL,2024-10-08,2024-10-21,206.46,207.19,1622,335213.0,0.5371,195.86,1184.06,177.06,0.05,13,ema_reversal
RAILTEL,2024-10-17,2024-10-18,436.66,413.47,667,291543.47,0.5898,413.47,-15467.73,-16310.55,-5.59,1,stop_loss
INDSWFTLAB,2024-10-21,2024-10-21,134.4,127.08,2115,284540.26,0.5984,127.08,-15481.8,-16303.6,-5.73,0,stop_loss
NMDC,2024-10-10,2024-10-22,69.54,66.14,4915,342130.89,0.5847,66.14,-16711.0,-17702.95,-5.17,12,stop_loss
GODREJIND,2024-10-17,2024-10-22,1058.75,1004.69,275,291447.41,0.5583,1004.69,-14866.5,-15710.24,-5.39,5,stop_loss
AVALON,2024-10-21,2024-10-22,589.9,547.83,482,284616.13,0.5973,547.83,-20277.74,-21090.18,-7.41,1,stop_loss
FORTIS,2024-10-07,2024-10-28,580.31,582.46,493,286378.92,0.609,555.08,1059.95,199.55,0.07,21,ema_reversal
MGL,2024-10-21,2024-10-25,1536.92,1449.74,222,341537.44,0.6756,1449.74,-19353.96,-20338.84,-5.96,4,stop_loss
APTUS,2024-10-22,2024-10-25,356.41,337.44,777,277207.5,0.6049,337.44,-14739.69,-15541.0,-5.61,3,stop_loss
POLYCAB,2024-10-23,2024-11-05,6583.16,6540.45,49,322897.41,0.5132,6208.55,-2092.79,-3056.33,-0.95,13,sector_rotation
CUB,2024-10-23,2024-11-06,162.47,178.93,1656,269319.37,0.5556,154.24,27257.76,26396.09,9.8,14,target_hit
NATIONALUM,2024-10-28,2024-11-07,202.82,226.95,1582,321182.1,0.569,188.96,38173.66,37134.73,11.56,10,sector_rotation
ADANIPOWER,2024-11-07,2024-11-08,123.26,118.47,2713,334738.78,0.5623,118.47,-12995.27,-13972.49,-4.17,1,stop_loss
IPCALAB,2024-10-23,2024-11-12,1560.94,1535.85,173,270312.66,0.5651,1491.06,-4340.57,-5142.02,-1.9,20,ema_reversal
VMART,2024-11-05,2024-11-11,1040.41,960.32,262,272860.01,0.5326,960.32,-20983.58,-21759.38,-7.97,6,stop_loss
BHEL,2024-11-07,2024-11-11,247.87,235.01,1349,334711.01,0.5733,235.01,-17348.14,-18316.57,-5.47,4,stop_loss
BALRAMCHIN,2024-11-11,2024-11-13,579.3,545.9,470,272543.27,0.5369,545.9,-15698.0,-16483.42,-6.05,2,stop_loss
POLYMED,2024-11-12,2024-11-13,2727.06,2516.53,97,264789.34,0.5396,2516.53,-20421.41,-21174.14,-8.0,1,stop_loss
LALPATHLAB,2024-10-28,2024-11-14,1532.75,1451.05,174,266965.2,0.5314,1451.05,-14215.8,-14987.46,-5.61,17,stop_loss
SIEMENS,2024-10-28,2024-11-27,3975.51,4420.68,80,318358.84,0.5171,3752.92,35613.6,34588.25,10.86,30,target_hit
MCX,2024-11-13,2024-11-28,1195.73,1227.23,220,263323.66,0.5534,1118.56,6930.0,6126.96,2.33,15,sector_rotation
BALRAMCHIN,2024-11-18,2024-12-03,532.23,599.07,482,256791.39,0.5803,498.81,32216.88,31382.84,12.22,15,target_hit
CUB,2024-11-14,2024-12-04,169.07,183.75,1511,255720.23,0.5521,161.73,22181.48,21370.72,8.36,20,target_hit
GLENMARK,2024-11-14,2024-12-13,1541.22,1447.4,165,254555.6,0.5702,1447.4,-15480.3,-16212.24,-6.37,29,stop_loss
YATHARTH,2024-11-12,2024-12-18,619.95,589.9,429,266224.51,0.6171,574.34,-12891.45,-13663.54,-5.13,36,ema_reversal
INDUSTOWER,2024-12-16,2024-12-19,351.0,337.66,781,274405.13,0.5567,337.66,-10418.54,-11220.1,-4.09,3,stop_loss
AVALON,2024-12-05,2024-12-20,873.8,1033.03,318,278146.27,0.6752,810.11,50635.14,49700.26,17.87,15,target_hit
IBREALEST,2024-12-09,2024-12-20,130.29,123.75,2164,282229.51,0.6058,123.75,-14152.56,-14970.1,-5.3,11,stop_loss
NATIONALUM,2024-12-18,2024-12-20,213.88,203.26,1535,328634.11,0.5693,203.26,-16301.7,-17254.01,-5.25,2,stop_loss
VEDL,2024-12-20,2024-12-23,458.98,442.84,714,328039.43,0.587,442.84,-11523.96,-12484.05,-3.81,3,stop_loss
FORTIS,2024-11-29,2024-12-30,653.63,733.22,407,266293.44,0.5599,613.84,32393.13,31530.26,11.84,31,target_hit
SIEMENS,2024-12-23,2024-12-30,4012.71,3797.83,80,321337.82,0.5301,3797.83,-17190.4,-18119.07,-5.64,7,stop_loss
VEDL,2024-12-24,2024-12-30,442.16,425.52,733,324427.38,0.5474,425.52,-12197.12,-13145.04,-4.05,6,stop_loss
NATIONALUM,2024-12-23,2025-01-03,204.77,203.87,1589,325704.91,0.597,192.11,-1430.1,-2403.38,-0.74,11,sector_rotation
ANGELONE,2024-12-23,2025-01-07,285.76,265.26,947,270885.33,0.6927,265.26,-19413.5,-20186.52,-7.45,15,stop_loss
IFBIND,2024-11-28,2025-01-08,1682.0,1969.0,158,266021.76,0.5407,1538.5,45346.0,44458.04,16.71,41,target_hit
KEC,2025-01-08,2025-01-08,1142.79,1083.24,284,324876.91,0.553,1083.24,-16912.2,-17852.03,-5.5,0,stop_loss
VEDL,2024-12-31,2025-01-10,416.81,416.72,776,323768.0,0.5175,396.82,-69.84,-1040.03,-0.32,10,sector_rotation
FEDERALBNK,2024-12-31,2025-01-10,195.32,188.02,1376,269029.08,0.5444,188.02,-10044.8,-10830.99,-4.03,10,stop_loss
GOKEX,2024-12-31,2025-01-10,1100.0,1032.45,245,269769.5,0.607,1032.45,-16549.75,-17325.15,-6.42,10,stop_loss
KFINTECH,2025-01-03,2025-01-10,1487.84,1389.71,186,277014.98,0.623,1389.71,-18252.18,-19045.89,-6.88,7,stop_loss
KEC,2025-01-09,2025-01-10,1050.27,967.57,305,320652.68,0.6009,967.57,-25223.5,-26134.05,-8.15,1,stop_loss
AVALON,2025-01-09,2025-01-13,938.2,856.48,285,267654.39,0.6162,856.48,-23290.2,-24045.78,-8.98,4,stop_loss
BLUESTARCO,2025-01-10,2025-01-13,2015.32,1860.28,130,262253.59,0.5312,1860.28,-20155.2,-20900.86,-7.97,3,stop_loss
ESTER,2025-01-13,2025-01-13,154.79,141.33,1656,256588.57,0.6255,141.33,-22289.76,-23014.18,-8.97,0,stop_loss
FORTIS,2025-01-13,2025-01-17,683.19,645.37,375,256452.45,0.5519,645.37,-14182.5,-14922.72,-5.82,4,stop_loss
CHALET,2025-01-13,2025-01-20,864.04,802.64,295,255146.69,0.5363,802.64,-18113.0,-18841.45,-7.38,7,stop_loss
INDHOTEL,2025-01-14,2025-01-20,758.32,828.97,385,292245.15,0.528,723.0,27200.25,26269.99,8.99,6,target_hit
JUBLFOOD,2025-01-14,2025-01-21,706.97,674.6,413,292270.59,0.551,674.6,-13368.81,-14218.01,-4.86,7,stop_loss
POLYCAB,2025-01-13,2025-01-22,6415.15,6106.72,47,301813.56,0.5043,6106.72,-14496.21,-15371.75,-5.09,9,stop_loss
NATIONALUM,2025-01-21,2025-01-22,198.65,187.68,1492,296682.19,0.5674,187.68,-16367.24,-17223.66,-5.81,1,stop_loss
AVALON,2025-01-21,2025-01-22,835.4,758.51,295,246689.44,0.5992,758.51,-22682.55,-23376.51,-9.48,1,stop_loss
INDIACEM,2025-01-22,2025-01-22,345.0,333.07,692,238978.74,0.5626,333.07,-8255.56,-8955.27,-3.75,0,stop_loss
IFCI,2025-01-21,2025-01-24,58.25,53.84,4235,246935.44,0.5915,53.84,-18676.35,-19379.06,-7.85,3,stop_loss
INDIACEM,2025-01-23,2025-01-24,317.0,301.09,729,231324.09,0.6301,301.09,-11598.39,-12268.47,-5.3,1,stop_loss
AVALON,2025-01-23,2025-01-27,735.3,655.8,218,160455.7,0.7515,655.8,-17331.0,-17777.22,-11.08,4,stop_loss
MEDPLUS,2025-01-23,2025-01-27,740.95,701.57,312,231407.58,0.5524,701.57,-12286.56,-12955.52,-5.6,4,stop_loss
STYRENIX,2025-01-23,2025-01-28,2595.48,2423.5,89,231228.72,0.5811,2423.5,-15306.22,-15968.6,-6.91,5,stop_loss
FEDERALBNK,2025-01-28,2025-01-28,186.77,179.29,1196,223600.3,0.5239,179.29,-8946.08,-9598.32,-4.29,0,stop_loss
MAXHEALTH,2025-01-29,2025-02-03,1009.83,1136.49,217,219352.24,0.5248,946.5,27485.22,26772.85,12.21,5,target_hit
LAURUSLABS,2025-01-28,2025-02-05,534.53,613.61,418,223656.97,0.6002,494.99,33055.44,32319.03,14.45,8,target_hit
KIMS,2025-01-29,2025-02-06,590.45,660.12,371,219276.01,0.5686,555.61,25847.57,25138.7,11.46,8,target_hit
NATIONALUM,2025-02-06,2025-02-11,188.99,177.17,1492,282255.05,0.5427,177.17,-17635.44,-18446.09,-6.54,5,stop_loss
BEL,2025-02-07,2025-02-11,277.38,260.57,1014,281544.58,0.539,260.57,-17045.34,-17855.04,-6.34,4,stop_loss
KFINTECH,2025-01-23,2025-02-12,1077.39,956.14,143,154220.84,0.731,956.14,-17338.75,-17766.27,-11.52,20,stop_loss
FEDERALBNK,2025-02-10,2025-02-12,187.71,180.11,1261,236939.01,0.531,180.11,-9583.6,-10274.54,-4.34,2,stop_loss
RAMCOCEM,2025-01-14,2025-02-14,880.28,840.23,276,243200.24,0.5112,840.23,-11053.8,-11760.56,-4.84,31,stop_loss
INDUSTOWER,2025-01-28,2025-02-14,352.0,331.46,636,224095.87,0.5925,331.46,-13063.44,-13708.93,-6.12,17,stop_loss
SRF,2025-02-13,2025-02-17,2847.01,2714.12,78,222288.85,0.5307,2714.12,-10365.42,-11010.89,-4.95,4,stop_loss
JUBLFOOD,2025-02-13,2025-02-25,638.89,676.82,419,267962.6,0.5734,593.86,15892.67,15057.8,5.62,12,ema_reversal
NAVINFLUOR,2025-02-12,2025-02-27,3989.99,3778.02,56,223662.88,0.5232,3778.02,-11870.32,-12516.9,-5.6,15,stop_loss
CHAMBLFERT,2025-02-17,2025-03-06,514.52,572.38,429,220949.81,0.558,485.59,24821.94,24110.11,10.91,17,target_hit
NAVINFLUOR,2025-02-28,2025-03-10,3764.25,4207.57,59,222312.84,0.5348,3542.59,26155.88,25437.3,11.44,10,target_hit
NATIONALUM,2025-02-20,2025-03-18,178.54,177.92,1520,271652.18,0.5613,166.18,-942.4,-1754.66,-0.65,26,ema_reversal
BAJFINANCE,2025-02-12,2025-03-19,809.97,878.85,277,224586.05,0.5236,775.53,19079.76,18368.52,8.18,35,target_hit
MANAPPURAM,2025-02-18,2025-03-21,189.25,218.59,1180,223538.31,0.5749,174.58,34621.2,33882.01,15.16,31,target_hit
FEDERALBNK,2025-03-07,2025-03-24,180.25,194.77,1272,229507.28,0.5224,172.99,18469.44,17744.67,7.73,17,target_hit
KIMS,2025-03-13,2025-03-24,553.0,624.95,414,229170.94,0.6028,517.02,29787.3,29040.9,12.67,11,target_hit
CASTROLIND,2025-03-20,2025-03-26,210.32,195.91,1124,236636.08,0.5796,195.91,-16196.84,-16873.65,-7.13,6,stop_loss
CUB,2025-03-18,2025-03-27,151.62,143.37,1529,232058.81,0.545,143.37,-12614.25,-13284.5,-5.72,9,stop_loss
BIOCON,2025-03-07,2025-04-07,335.35,314.68,684,229608.78,0.5601,314.68,-14138.28,-14798.14,-6.44,31,stop_loss
PCJEWELLER,2025-03-28,2025-04-07,13.72,12.67,17271,237195.08,0.6255,12.67,-18134.55,-18809.16,-7.93,10,stop_loss
GODREJIND,2025-04-01,2025-04-07,1117.0,1052.54,210,234804.57,0.5524,1052.54,-13536.6,-14213.24,-6.05,6,stop_loss
NLCINDIA,2025-04-01,2025-04-07,240.09,226.59,979,235283.16,0.5795,226.59,-13216.5,-13895.21,-5.91,6,stop_loss
WELENT,2025-04-01,2025-04-07,473.48,443.78,496,235080.93,0.6129,443.78,-14731.2,-15406.28,-6.55,6,stop_loss
AXISCADES,2025-03-27,2025-04-08,890.0,829.15,269,239649.41,0.6363,829.15,-16368.65,-17054.14,-7.12,12,stop_loss
CHOLAFIN,2025-04-08,2025-04-15,1412.31,1554.25,155,219126.96,0.5042,1341.34,22000.7,21299.97,9.72,7,target_hit
AVANTIFEED,2025-04-09,2025-04-16,711.44,860.13,310,220766.95,0.6401,651.96,46093.9,45340.07,20.54,7,target_hit
SRF,2025-04-08,2025-04-22,2731.37,3042.51,79,215994.01,0.5466,2575.8,24580.06,23883.57,11.06,14,target_hit
BLUESTARCO,2025-04-08,2025-04-24,2022.63,1853.85,107,216637.83,0.5727,1853.85,-18059.46,-18672.61,-8.62,16,stop_loss
BEL,2025-04-08,2025-04-29,280.6,311.44,943,264870.41,0.5895,265.18,29082.12,28230.14,10.66,21,target_hit
MUTHOOTFIN,2025-04-16,2025-05-07,2035.09,2307.35,116,236306.51,0.5584,1926.19,31582.16,30810.78,13.04,21,target_hit
GALLANTT,2025-04-28,2025-05-07,446.31,415.53,532,237674.36,0.6707,415.53,-16374.96,-17054.52,-7.18,9,stop_loss
BAJAJHLDNG,2025-04-08,2025-05-09,11171.98,11122.37,19,212479.89,0.5021,10428.71,-942.59,-1577.51,-0.74,31,ema_reversal
LAURUSLABS,2025-04-30,2025-05-08,616.15,580.08,389,239922.03,0.5298,580.08,-14031.23,-14722.21,-6.14,8,stop_loss
KSCL,2025-04-24,2025-05-09,1445.64,1339.86,167,241663.3,0.6099,1339.86,-17665.26,-18354.2,-7.59,15,stop_loss
ZEEL,2025-04-28,2025-05-14,105.39,121.12,2253,237681.11,0.6043,99.1,35439.69,34656.48,14.58,16,target_hit
SBFC,2025-05-08,2025-05-14,97.7,110.97,2464,240973.53,0.5803,92.39,32697.28,31909.69,13.24,6,target_hit
PRESTIGE,2025-05-09,2025-05-16,1268.54,1439.76,223,283167.3,0.5403,1200.05,38182.06,37257.04,13.16,7,target_hit
CHAMBLFERT,2025-05-15,2025-05-20,635.07,595.84,389,247289.27,0.5524,595.84,-15260.47,-15971.08,-6.46,5,stop_loss
ADANIENSOL,2025-05-13,2025-05-22,890.0,869.0,326,290430.14,0.5096,826.73,-6846.0,-7702.73,-2.65,9,ema_reversal
POLYMED,2025-05-19,2025-05-30,2426.74,2250.44,102,247775.01,0.5013,2250.44,-17982.6,-18689.22,-7.54,11,stop_loss
RALLIS,2025-05-22,2025-05-30,278.62,321.57,887,247383.08,0.6281,257.14,38096.65,37279.05,15.07,8,target_hit
INDIACEM,2025-06-02,2025-06-03,314.55,349.25,808,254410.56,0.602,297.2,28037.6,27219.06,10.7,1,target_hit
THYROCARE,2025-05-21,2025-06-06,312.56,292.24,783,244979.21,0.6338,292.24,-15910.56,-16612.94,-6.78,16,stop_loss
KSCL,2025-05-15,2025-06-13,1355.01,1342.07,182,246858.43,0.5548,1231.2,-2355.08,-3090.21,-1.25,29,ema_reversal
LEMONTREE,2025-05-13,2025-06-17,138.15,138.5,1756,242833.99,0.5273,129.37,614.6,-114.4,-0.05,35,ema_reversal
GRANULES,2025-06-17,2025-06-17,515.42,492.56,490,252808.36,0.4845,492.56,-11201.4,-11936.66,-4.72,0,stop_loss
ESTER,2025-06-04,2025-06-19,135.55,124.57,1916,259973.51,0.614,124.57,-21037.68,-21774.75,-8.38,15,stop_loss
CLEAN,2025-06-09,2025-06-19,1491.2,1408.7,173,258235.58,0.5829,1408.7,-14272.5,-15017.89,-5.82,10,stop_loss
ANGELONE,2025-06-13,2025-06-19,291.99,275.47,869,253993.05,0.6152,275.47,-14355.88,-15088.39,-5.94,6,stop_loss
CANBK,2025-06-18,2025-06-19,109.23,104.93,2266,247762.7,0.5559,104.93,-9743.8,-10466.86,-4.22,1,stop_loss
KFINTECH,2025-05-08,2025-06-20,1061.69,1277.72,225,239119.13,0.5655,975.28,48606.75,47792.9,19.99,43,target_hit
ZEEL,2025-06-20,2025-06-23,124.73,139.41,1946,242967.3,0.5902,118.86,28567.28,27781.97,11.43,3,target_hit
EIDPARRY,2025-06-02,2025-06-25,948.7,1041.87,268,254505.85,0.5845,902.12,24969.56,24156.87,9.49,23,target_hit
CANBK,2025-06-20,2025-06-30,104.89,113.52,2314,242958.18,0.5458,101.44,19969.82,19201.73,7.9,10,target_hit
UNIONBANK,2025-06-20,2025-06-30,134.98,147.75,1798,242936.73,0.5754,129.87,22960.46,22186.46,9.13,10,target_hit
KRBL,2025-06-20,2025-07-01,342.01,363.77,709,242727.58,0.5459,327.77,15427.84,14669.53,6.04,11,sector_rotation
ANGELONE,2025-06-23,2025-07-03,277.56,290.05,895,248664.62,0.5504,264.94,11178.55,10410.94,4.19,10,ema_reversal
HONASA,2025-06-24,2025-07-02,307.0,293.33,823,252913.66,0.6029,293.33,-11250.41,-11985.89,-4.74,8,stop_loss
PRESTIGE,2025-07-01,2025-07-04,1668.08,1584.54,188,313912.64,0.5219,1584.54,-15705.52,-16614.91,-5.29,3,stop_loss
EXICOM,2025-07-07,2025-07-11,192.5,177.74,1336,257437.18,0.6007,177.74,-19719.36,-20451.46,-7.94,4,stop_loss
GODREJIND,2025-07-07,2025-07-11,1169.0,1093.3,220,257437.18,0.5475,1093.3,-16654.0,-17392.23,-6.76,4,stop_loss
IDFCFIRSTB,2025-07-14,2025-07-14,75.2,72.93,3353,252397.75,0.5653,72.93,-7611.31,-8352.52,-3.31,0,stop_loss
IDFCFIRSTB,2025-07-15,2025-07-24,74.15,72.69,3385,251248.75,0.5676,71.64,-4942.1,-5685.21,-2.26,9,ema_reversal
KFINTECH,2025-07-07,2025-07-25,1285.39,1193.01,200,257335.08,0.5411,1208.62,-18476.0,-19210.28,-7.47,18,ema_reversal
AVALON,2025-06-26,2025-07-28,849.05,814.0,305,259219.21,0.4861,798.36,-10690.25,-11445.75,-4.42,32,ema_reversal
IBREALEST,2025-07-03,2025-07-28,119.0,112.41,2173,258845.59,0.5949,111.64,-14320.07,-15067.19,-5.82,25,ema_reversal
CUB,2025-07-14,2025-07-29,207.84,203.18,1213,252362.03,0.5589,196.91,-5652.58,-6397.6,-2.54,15,ema_reversal
ZEEL,2025-07-24,2025-07-28,126.84,118.53,2011,255330.32,0.6688,118.53,-16711.41,-17443.21,-6.83,4,stop_loss
ARVINDFASN,2025-07-08,2025-07-29,462.77,517.81,551,255241.26,0.5642,435.25,30327.04,29501.43,11.56,21,target_hit
IIFL,2025-07-28,2025-07-31,502.58,487.97,487,245001.22,0.6379,487.97,-7115.07,-7835.11,-3.2,3,stop_loss
LLOYDSENGG,2025-07-28,2025-07-31,72.34,68.21,3399,246129.54,0.6029,68.21,-14037.87,-14747.45,-5.99,3,stop_loss
GLENMARK,2025-07-25,2025-08-01,2139.75,2063.85,116,248459.21,0.6206,2063.85,-8804.4,-9531.42,-3.84,7,stop_loss
IIFL,2025-08-01,2025-08-01,469.13,450.06,519,243721.95,0.6044,450.06,-9897.33,-10607.97,-4.35,0,stop_loss
ZEEL,2025-07-29,2025-08-06,116.54,109.95,2076,242178.98,0.7164,109.95,-13680.84,-14379.29,-5.94,8,stop_loss
DATAPATTNS,2025-07-30,2025-08-08,2592.22,2467.18,94,243912.35,0.5924,2467.18,-11753.76,-12461.26,-5.11,9,stop_loss
BIOCON,2025-08-07,2025-08-08,358.8,345.56,675,242432.19,0.5392,345.56,-8937.0,-9645.7,-3.98,1,stop_loss
HINDWAREAP,2025-08-01,2025-08-14,266.45,297.16,915,244045.55,0.5845,254.17,28099.65,27312.05,11.19,13,target_hit
GLENMARK,2025-08-04,2025-08-18,2062.74,1992.61,115,237452.32,0.544,1992.61,-8064.95,-8760.47,-3.69,14,stop_loss
AXISCADES,2025-07-29,2025-08-19,1252.0,1171.54,193,241877.64,0.5811,1171.54,-15528.78,-16222.63,-6.71,21,stop_loss
IDBI,2025-08-20,2025-08-21,89.55,96.73,2662,238620.48,0.5457,86.68,19113.16,18359.79,7.69,1,target_hit
SUVEN,2025-08-18,2025-08-26,235.8,218.59,1008,237924.09,0.6914,218.59,-17347.68,-18026.04,-7.58,8,stop_loss
GALLANTT,2025-08-19,2025-08-28,640.67,594.56,277,177643.06,0.7429,594.56,-12772.47,-13279.32,-7.48,9,stop_loss
RALLIS,2025-08-22,2025-08-28,366.05,349.6,660,241834.59,0.627,349.6,-10857.0,-11560.06,-4.78,6,stop_loss
EVEREADY,2025-08-04,2025-09-03,409.7,468.42,582,238683.85,0.627,386.21,34175.04,33391.35,13.99,30,target_hit
NESCO,2025-08-29,2025-09-09,1417.1,1566.82,162,229799.77,0.5818,1357.21,24254.64,23517.42,10.23,11,target_hit
BIOCON,2025-08-11,2025-09-16,342.6,359.45,683,234229.8,0.6332,324.62,11508.55,10783.55,4.6,36,ema_reversal
KRBL,2025-08-28,2025-09-15,441.49,415.32,529,233781.76,0.6688,415.32,-13843.93,-14516.89,-6.21,18,stop_loss
RAMCOCEM,2025-08-11,2025-09-17,1051.0,1043.9,222,233555.32,0.5151,993.92,-1576.2,-2273.01,-0.97,37,sector_rotation
NBCC,2025-09-04,2025-09-22,103.52,112.04,2315,239888.45,0.5539,100.11,19723.8,18965.41,7.91,18,target_hit
FORCEMOT,2025-09-10,2025-09-23,18290.0,18200.0,13,238007.77,0.5395,17010.77,-1170.0,-1880.97,-0.79,13,ema_reversal
EVEREADY,2025-09-17,2025-09-22,438.7,416.16,553,242843.7,0.5928,416.16,-12464.62,-13167.49,-5.42,5,stop_loss
KRBL,2025-09-16,2025-09-23,398.96,371.19,605,241612.17,0.6849,371.19,-16800.85,-17491.36,-7.24,7,stop_loss
HINDWAREAP,2025-09-23,2025-09-24,330.7,315.77,719,238011.07,0.6224,315.77,-10734.67,-11426.52,-4.8,1,stop_loss
ENGINERSIN,2025-08-29,2025-09-26,197.83,196.4,1167,231098.48,0.5509,190.44,-1668.81,-2358.08,-1.02,28,ema_reversal
EVEREADY,2025-09-23,2025-09-25,419.4,399.07,567,238037.6,0.5899,399.07,-11527.11,-12217.46,-5.13,2,stop_loss
RAILTEL,2025-09-23,2025-09-25,384.96,370.63,617,237757.84,0.5577,370.63,-8841.61,-9536.49,-4.01,2,stop_loss
KRBL,2025-09-24,2025-09-26,373.45,349.09,625,233639.66,0.7158,349.09,-15225.0,-15894.77,-6.8,2,stop_loss
METROBRAND,2025-09-25,2025-09-26,1260.89,1215.22,218,275148.89,0.5439,1215.22,-9956.06,-10760.77,-3.91,1,stop_loss
PAISALO,2025-09-26,2025-09-29,38.84,36.84,5868,228141.03,0.6155,36.84,-11736.0,-12396.27,-5.43,3,stop_loss
JBMA,2025-09-26,2025-09-30,705.0,671.43,322,227237.01,0.5814,671.43,-10809.54,-11468.95,-5.05,4,stop_loss
NATIONALUM,2025-09-29,2025-10-03,195.56,210.82,1369,267989.36,0.5236,187.93,20890.94,20045.99,7.48,4,target_hit
PNB,2025-09-29,2025-10-03,107.9,114.72,2066,223144.32,0.5482,104.49,14090.12,13393.18,6.0,4,target_hit
GALLANTT,2025-09-16,2025-10-08,680.9,651.5,354,241279.64,0.6381,637.97,-10407.6,-11109.9,-4.6,22,ema_reversal
FORCEMOT,2025-10-08,2025-10-10,15980.0,15043.17,14,223943.72,0.5209,15043.17,-13115.62,-13760.55,-6.14,2,stop_loss
EVEREADY,2025-10-06,2025-10-14,380.2,362.25,606,230631.6,0.6018,362.25,-10877.7,-11547.15,-5.01,8,stop_loss
JMFINANCIL,2025-10-06,2025-10-15,167.33,171.28,1377,230643.82,0.5752,159.24,5439.15,4737.03,2.05,9,ema_reversal
HINDWAREAP,2025-09-26,2025-10-16,327.9,368.86,694,227790.16,0.6096,311.52,28426.24,27686.7,12.15,20,target_hit
AXISCADES,2025-10-01,2025-10-17,1605.4,1516.0,139,223373.75,0.6606,1504.05,-12426.6,-13071.2,-5.85,16,ema_reversal
GALLANTT,2025-10-17,2025-10-20,651.45,620.47,349,227583.41,0.5624,620.47,-10812.02,-11472.46,-5.04,3,stop_loss
ADANIPOWER,2025-09-30,2025-10-21,148.0,173.13,1813,268592.32,0.6203,135.44,45560.69,44664.6,16.63,21,target_hit
KRBL,2025-10-13,2025-10-24,367.65,382.0,620,228170.94,0.6033,349.43,8897.0,8195.38,3.59,11,sector_rotation
NLCINDIA,2025-10-15,2025-10-24,263.25,259.36,855,225303.83,0.5478,252.2,-3325.95,-3994.53,-1.77,9,ema_reversal
GALLANTT,2025-10-21,2025-10-23,609.7,577.34,381,232528.0,0.6234,577.34,-12329.16,-13001.39,-5.59,2,stop_loss
AVALON,2025-10-15,2025-10-27,1150.0,1121.0,195,224474.25,0.6156,1085.53,-5655.0,-6316.44,-2.81,12,sector_rotation
STARHEALTH,2025-10-28,2025-10-29,486.95,470.73,470,229095.37,0.5572,470.73,-7623.4,-8294.75,-3.62,1,stop_loss
JTEKTINDIA,2025-10-23,2025-11-03,156.0,156.0,1492,232984.75,0.5645,148.62,0.0,-698.26,-0.3,11,ema_reversal
ADANIPOWER,2025-10-29,2025-11-04,163.28,155.33,1687,275728.81,0.579,155.33,-13411.65,-14211.19,-5.15,6,stop_loss
HINDCOPPER,2025-10-17,2025-11-06,342.45,325.44,799,273891.17,0.6203,325.44,-13590.99,-14384.66,-5.25,20,stop_loss
POONAWALLA,2025-10-28,2025-11-06,491.05,467.92,466,229058.13,0.5904,467.92,-10778.58,-11443.51,-5.0,9,stop_loss
NATIONALUM,2025-11-07,2025-11-10,221.83,238.23,1183,262687.31,0.542,215.27,19401.2,18575.12,7.07,3,target_hit
IFBIND,2025-11-04,2025-11-13,1857.7,1760.01,120,223146.92,0.5636,1760.01,-11722.8,-12368.13,-5.54,9,stop_loss
STARHEALTH,2025-10-30,2025-11-14,480.7,524.97,477,229523.19,0.5551,462.99,21116.79,20386.67,8.88,15,target_hit
AVALON,2025-11-07,2025-11-18,1068.0,998.69,205,219158.94,0.6165,998.69,-14208.55,-14836.95,-6.77,11,stop_loss
HINDWAREAP,2025-11-17,2025-11-20,358.15,335.81,637,228369.69,0.644,335.81,-14230.58,-14886.54,-6.52,3,stop_loss
SAIL,2025-11-19,2025-11-21,138.7,133.97,1957,271707.34,0.5486,133.97,-9256.61,-10052.4,-3.7,2,stop_loss
TATACOMM,2025-10-24,2025-12-01,1865.0,1825.8,120,224023.8,0.5619,1784.58,-4704.0,-5365.99,-2.4,38,ema_reversal
AXISCADES,2025-11-11,2025-12-01,1395.0,1410.5,159,222026.8,0.6017,1304.59,2464.5,1794.16,0.81,20,sector_rotation
IFBIND,2025-11-14,2025-12-01,1740.0,1688.0,128,222942.72,0.566,1649.79,-6656.0,-7310.85,-3.28,17,sector_rotation
UJJIVANSFB,2025-11-06,2025-12-01,51.61,56.19,4311,222713.2,0.6242,49.78,19744.38,19037.42,8.55,25,target_hit
NATIONALUM,2025-11-24,2025-12-05,247.56,267.72,1075,266393.13,0.6179,239.5,21672.0,20830.28,7.82,11,target_hit
BIOCON,2025-11-21,2025-12-08,395.45,382.06,568,224840.22,0.572,382.06,-7605.52,-8264.16,-3.68,17,stop_loss
BHEL,2025-12-04,2025-12-08,279.0,270.48,960,268107.84,0.5416,270.48,-8179.2,-8966.36,-3.34,4,stop_loss
UJJIVANSFB,2025-12-04,2025-12-08,53.83,51.94,4146,223402.36,0.6039,51.94,-7835.94,-8489.81,-3.8,4,stop_loss
GMRAIRPORT,2025-12-05,2025-12-08,102.56,99.46,2591,265998.69,0.572,99.46,-8032.1,-8813.23,-3.31,3,stop_loss
GMRAIRPORT,2025-12-10,2025-12-11,100.85,97.43,2602,262674.11,0.5716,97.43,-8898.84,-9668.28,-3.68,1,stop_loss
CUB,2025-12-09,2025-12-24,265.2,296.09,820,217681.46,0.5924,249.75,25329.8,24626.75,11.31,15,target_hit
UJJIVANSFB,2025-12-09,2025-12-30,51.3,51.5,4239,217678.16,0.5559,48.89,847.8,193.72,0.09,21,ema_reversal
TATASTEEL,2025-12-12,2025-12-31,167.6,177.61,1553,260543.08,0.5226,163.59,15545.53,14733.59,5.65,19,target_hit
INDIANB,2025-12-09,2026-01-02,779.1,851.21,279,217586.27,0.5073,743.05,20118.69,19426.35,8.93,24,target_hit
RAJRATAN,2025-12-31,2026-01-07,443.0,504.34,503,223051.83,0.6064,418.46,30854.02,30123.82,13.51,7,target_hit
KIRLOSENG,2025-12-31,2026-01-09,1218.95,1155.26,182,222070.75,0.5862,1155.26,-11591.58,-12233.94,-5.51,9,stop_loss
CUB,2026-01-09,2026-01-12,278.55,267.22,819,228360.58,0.5633,267.22,-9279.27,-9945.11,-4.36,3,stop_loss
MOIL,2026-01-09,2026-01-12,344.21,327.62,796,274265.15,0.6137,327.62,-13205.64,-14001.2,-5.1,3,stop_loss
NBCC,2026-01-09,2026-01-12,111.61,107.39,2047,228694.14,0.554,107.39,-8638.34,-9306.46,-4.07,3,stop_loss
NBCC,2026-01-13,2026-01-16,107.92,103.51,2073,223941.88,0.5799,103.51,-9141.93,-9794.8,-4.37,3,stop_loss
IDBI,2026-01-12,2026-01-19,103.29,99.0,2177,225087.19,0.5953,99.0,-9339.33,-9995.24,-4.44,7,stop_loss
KARURVYSYA,2026-01-12,2026-01-21,262.05,252.03,858,225063.74,0.5932,252.03,-8597.16,-9254.48,-4.11,9,stop_loss
GPPL,2026-01-20,2026-01-23,173.89,166.61,1295,225412.74,0.5497,166.61,-9427.6,-10084.31,-4.47,3,stop_loss
MANAPPURAM,2026-01-13,2026-01-28,294.45,297.29,760,224005.78,0.5659,281.65,2158.4,1482.74,0.66,15,ema_reversal
HINDCOPPER,2026-01-12,2026-01-28,531.15,604.46,510,271157.39,0.6539,501.83,37388.1,36500.66,13.46,16,target_hit
CUB,2026-01-13,2026-01-29,264.95,294.95,845,224106.63,0.6243,252.95,25350.0,24627.65,10.99,16,target_hit
ANGELONE,2026-01-27,2026-02-02,251.52,238.4,876,220551.85,0.5294,238.4,-11493.12,-12131.13,-5.5,6,stop_loss
LAURUSLABS,2026-01-30,2026-02-02,974.0,923.62,238,232043.81,0.5124,923.62,-11990.44,-12661.9,-5.46,3,stop_loss
FEDERALBNK,2026-01-19,2026-02-03,271.45,292.01,838,227702.58,0.5395,263.23,17229.28,16512.4,7.25,15,target_hit
EQUITASBNK,2026-02-03,2026-02-03,71.15,67.54,3146,224061.74,0.5819,67.54,-11357.06,-12005.86,-5.36,0,stop_loss
MANAPPURAM,2026-02-02,2026-02-06,266.95,300.25,859,229539.36,0.5697,250.3,28604.7,27859.56,12.14,4,target_hit
LAURUSLABS,2026-02-03,2026-02-06,1005.0,953.38,224,225345.12,0.5373,953.38,-11562.88,-12215.11,-5.42,3,stop_loss
ADANIPOWER,2026-02-05,2026-02-10,155.29,148.66,1772,275449.05,0.5681,148.66,-11748.36,-12550.38,-4.56,5,stop_loss
POONAWALLA,2026-02-09,2026-02-10,430.7,489.74,522,225050.23,0.5813,407.08,30818.88,30082.77,13.37,1,target_hit
ONWARDTEC,2026-02-11,2026-02-13,319.6,300.39,729,233221.39,0.6079,300.39,-14004.09,-14675.05,-6.29,2,stop_loss
JMFINANCIL,2026-02-11,2026-02-16,140.43,132.85,1659,233206.34,0.5916,132.85,-12575.22,-13248.99,-5.68,5,stop_loss
HINDCOPPER,2026-02-09,2026-02-20,593.3,565.0,457,271409.24,0.6614,541.76,-12933.1,-13720.65,-5.06,11,ema_reversal
GRANULES,2026-01-22,2026-02-20,542.0,596.43,409,221899.68,0.5185,514.79,22261.87,21552.31,9.71,29,target_hit
NMDC,2026-01-29,2026-02-24,79.39,79.0,3481,276632.95,0.5045,75.91,-1357.59,-2183.94,-0.79,26,ema_reversal
EQUITASBNK,2026-02-04,2026-02-24,67.04,66.01,3383,227023.12,0.5804,63.94,-3484.49,-4157.91,-1.83,20,ema_reversal
AVANTIFEED,2026-02-23,2026-02-23,1400.0,1307.78,161,225625.4,0.5913,1307.78,-14847.42,-15493.93,-6.87,0,stop_loss
AVALON,2026-02-20,2026-02-24,1033.45,976.32,215,222413.94,0.5869,976.32,-12282.95,-12924.96,-5.81,4,stop_loss
ADANIPOWER,2026-02-16,2026-02-26,140.5,141.0,1936,272280.01,0.6207,134.08,968.0,150.04,0.06,10,ema_reversal
GOKEX,2026-02-24,2026-02-26,740.05,680.01,298,220755.43,0.6143,680.01,-17891.92,-18517.74,-8.39,2,stop_loss
IFCI,2026-02-24,2026-03-02,59.69,56.26,3705,221372.6,0.5666,56.26,-12708.15,-13346.19,-6.03,6,stop_loss
INDUSTOWER,2026-02-26,2026-03-02,462.7,447.98,472,218612.79,0.5418,447.98,-6947.84,-7589.13,-3.47,4,stop_loss
ENGINERSIN,2026-02-24,2026-03-04,215.31,203.41,1025,220913.44,0.6246,203.41,-12197.5,-12835.18,-5.81,8,stop_loss
AVALON,2026-02-25,2026-03-06,978.75,935.0,223,218479.51,0.5443,923.31,-9756.25,-10391.52,-4.76,9,ema_reversal
LT,2026-03-05,2026-03-09,3924.2,3755.08,64,251399.95,0.5016,3755.08,-10823.68,-11555.48,-4.6,4,stop_loss
ENGINERSIN,2026-03-06,2026-03-09,204.4,193.23,1045,213811.6,0.6002,193.23,-11672.65,-12290.1,-5.75,3,stop_loss
ELGIEQUIP,2026-03-04,2026-03-12,508.05,485.73,429,218171.4,0.5709,485.73,-9575.28,-10209.99,-4.68,8,stop_loss
SUNTV,2026-02-18,2026-03-13,591.72,564.24,379,224486.14,0.5535,564.24,-10414.92,-11066.88,-4.93,23,stop_loss
AVANTIFEED,2026-03-02,2026-03-24,1188.1,1150.0,186,221207.59,0.6386,1096.79,-7086.6,-7735.39,-3.5,22,ema_reversal
