ticker,entry_date,exit_date,entry_price,exit_price,shares,position_size,signal_score,atr_stop,gross_pnl,net_pnl,return_pct,hold_days,exit_reason,month
ONWARDTEC,2022-01-05,2022-01-12,271.73,320.14,551,149872.95,0.664,271.73,13361.16,21744.51,14.51,7,target_hit_full,2022-01
MAXHEALTH,2022-01-06,2022-01-18,406.25,394.21,367,149242.84,0.6171,379.76,-4418.68,-4857.12,-3.25,12,ema_reversal,2022-01
INDIACEM,2022-01-19,2022-01-24,236.13,219.87,644,152219.79,0.6472,219.87,-10471.44,-10906.7,-7.17,5,stop_loss,2022-01
NBCC,2022-01-19,2022-01-24,31.5,29.73,4828,152234.08,0.613,29.73,-8545.56,-8984.71,-5.9,5,stop_loss,2022-01
RAJRATAN,2022-01-20,2022-01-24,545.98,501.21,280,153027.27,0.6813,501.21,-12535.6,-12969.15,-8.48,4,stop_loss,2022-01
SUZLON,2022-01-20,2022-01-25,10.51,9.69,14502,152568.44,0.6651,9.69,-11891.64,-12325.1,-8.08,5,stop_loss,2022-01
TANLA,2022-01-21,2022-01-25,1809.37,1673.89,84,152139.07,0.5814,1673.89,-11380.32,-11813.52,-7.76,4,stop_loss,2022-01
AUBANK,2022-01-19,2022-02-03,628.61,703.3,242,152275.74,0.6321,628.61,9037.49,14575.58,9.57,15,target_hit_full,2022-01
SUZLON,2022-01-27,2022-02-08,9.96,9.96,14536,144923.34,0.6462,9.96,0.0,8342.36,5.76,12,stop_loss,2022-01
ALOKINDS,2022-01-25,2022-02-10,28.45,28.0,4050,115337.72,0.6764,24.88,-1822.5,-2164.52,-1.88,16,ema_reversal,2022-01
MOTHERSON,2022-01-25,2022-02-14,77.95,72.34,1853,144585.79,0.6071,72.34,-10395.33,-10807.86,-7.48,20,stop_loss,2022-01
GOKEX,2022-01-25,2022-02-14,364.52,364.52,397,144859.15,0.6723,364.52,0.0,8126.06,5.61,20,stop_loss,2022-01
ARVINDFASN,2022-01-28,2022-02-15,309.96,291.43,475,147378.23,0.636,286.63,-8801.75,-9225.84,-6.26,18,ema_reversal,2022-01
MMTC,2022-02-10,2022-02-14,53.8,48.99,2789,150198.25,0.6144,48.99,-13415.09,-13838.4,-9.21,4,stop_loss,2022-02
ONGC,2022-02-15,2022-02-15,131.05,124.72,1101,144430.34,0.5867,124.72,-6969.33,-7388.25,-5.12,0,stop_loss,2022-02
NLCINDIA,2022-02-15,2022-02-15,61.86,57.21,2324,143906.4,0.6206,57.21,-10806.6,-11216.27,-7.79,0,stop_loss,2022-02
GOKEX,2022-02-16,2022-02-18,384.0,359.53,371,142606.46,0.6549,346.13,-9078.37,-9487.61,-6.65,2,ema_reversal,2022-02
BANKBARODA,2022-02-15,2022-02-22,94.5,88.28,1528,144540.4,0.6265,88.28,-9504.16,-9918.34,-6.86,7,stop_loss,2022-02
SHOPERSTOP,2022-02-17,2022-02-22,355.0,319.9,397,141075.94,0.6507,319.9,-13934.7,-14329.64,-10.16,5,stop_loss,2022-02
CHOLAFIN,2022-02-01,2022-03-08,630.14,603.04,238,150123.29,0.5987,630.14,-3224.9,2440.75,1.63,35,ema_reversal,2022-02
CHOLAFIN,2022-03-11,2022-04-11,657.66,748.76,206,135613.44,0.5701,657.66,9383.3,15200.78,11.21,31,target_hit_full,2022-03
TATAPOWER,2022-04-19,2022-04-19,253.38,237.32,543,137722.93,0.6079,237.32,-8720.58,-9115.89,-6.62,0,stop_loss,2022-04
ANGELONE,2022-04-21,2022-04-21,162.65,162.65,840,136762.63,0.6345,162.65,0.0,6108.06,4.47,0,stop_loss,2022-04
MOIL,2022-04-18,2022-04-26,168.14,163.66,820,138012.67,0.5895,158.53,-3673.6,-4079.88,-2.96,8,ema_reversal,2022-04
JINDALSTEL,2022-04-22,2022-04-29,531.68,540.47,259,137842.83,0.5838,501.14,2276.61,1858.94,1.35,7,sector_rotation,2022-04
JBMA,2022-04-27,2022-04-29,273.49,254.27,495,135512.93,0.6637,254.27,-9513.9,-9901.0,-7.31,2,stop_loss,2022-04
INDIANB,2022-04-20,2022-05-04,143.85,135.84,949,136650.16,0.6095,135.84,-7601.49,-7995.83,-5.85,14,stop_loss,2022-04
CRISIL,2022-04-22,2022-05-06,3226.85,3226.85,42,135663.23,0.5452,3226.85,0.0,6111.98,4.51,14,stop_loss,2022-04
TORNTPOWER,2022-04-26,2022-05-09,496.0,447.41,272,135046.91,0.5653,469.86,-13216.48,-13594.78,-10.07,13,ema_reversal,2022-04
IIFL,2022-05-02,2022-05-06,338.59,306.86,409,138621.79,0.6351,306.86,-12977.57,-13367.06,-9.64,4,stop_loss,2022-05
INDHOTEL,2022-04-21,2022-05-09,238.22,238.22,574,136875.02,0.6435,238.22,0.0,5361.27,3.92,18,stop_loss,2022-04
RAJRATAN,2022-05-06,2022-05-12,614.67,614.67,219,134747.34,0.7063,614.67,0.0,6988.99,5.19,6,stop_loss,2022-05
NLCINDIA,2022-05-19,2022-06-01,70.18,68.9,1911,134248.09,0.6089,63.21,-2446.08,-2843.53,-2.12,13,ema_reversal,2022-05
VBL,2022-05-12,2022-06-15,138.71,158.82,961,133433.61,0.6077,138.71,9672.91,15672.8,11.75,34,target_hit_full,2022-05
RATNAMANI,2022-06-22,2022-06-30,1671.44,1671.44,80,133848.92,0.5411,1671.44,0.0,7378.46,5.51,8,stop_loss,2022-06
VBL,2022-06-23,2022-07-08,149.58,168.59,896,134157.7,0.5716,149.58,8516.48,13762.18,10.26,15,target_hit_full,2022-06
TIMKEN,2022-06-17,2022-07-18,2295.67,2644.74,58,133282.01,0.5964,2295.67,10123.03,16438.43,12.33,31,target_hit_full,2022-06
USHAMART,2022-07-20,2022-07-25,124.06,142.16,1134,140824.72,0.6393,124.06,10262.7,16650.13,11.82,5,target_hit_full,2022-07
SHOPERSTOP,2022-07-27,2022-08-04,575.95,575.95,248,142978.44,0.6816,575.95,0.0,5333.39,3.73,8,stop_loss,2022-07
NOCIL,2022-08-01,2022-08-04,267.44,253.21,536,143491.19,0.5938,253.21,-7627.28,-8042.07,-5.6,3,stop_loss,2022-08
TARSONS,2022-07-29,2022-08-08,813.46,754.89,176,143312.13,0.5604,754.89,-10308.32,-10717.21,-7.48,10,stop_loss,2022-07
VSTIND,2022-08-12,2022-08-16,277.51,269.09,510,141671.63,0.549,269.09,-4294.2,-4710.2,-3.32,4,stop_loss,2022-08
LICHSGFIN,2022-08-11,2022-08-22,355.9,355.9,397,141433.59,0.5477,355.9,0.0,3585.51,2.54,11,stop_loss,2022-08
LEMONTREE,2022-08-18,2022-08-22,73.0,68.4,1932,141177.04,0.6337,68.4,-8887.2,-9292.53,-6.58,4,stop_loss,2022-08
USHAMART,2022-08-11,2022-08-25,138.61,135.48,1019,141384.83,0.6725,125.4,-3189.47,-3606.82,-2.55,14,ema_reversal,2022-08
FEDERALBNK,2022-08-22,2022-08-25,104.94,113.29,1337,140445.08,0.5539,104.94,5586.15,8867.38,6.31,3,target_hit_full,2022-08
AMBUJACEM,2022-08-26,2022-09-06,395.04,421.28,358,141565.74,0.5632,395.04,4696.96,7389.53,5.22,11,target_hit_full,2022-08
GSFC,2022-08-01,2022-09-08,141.96,141.25,1010,143522.98,0.6072,132.5,-717.1,-1145.8,-0.8,38,ema_reversal,2022-08
INDIGO,2022-08-24,2022-09-08,1976.66,1889.65,70,138504.57,0.541,1889.65,-6090.7,-6493.62,-4.69,15,stop_loss,2022-08
ADANIPORTS,2022-08-29,2022-09-09,802.29,878.24,177,142147.34,0.5522,802.29,6759.55,10766.54,7.57,11,target_hit_full,2022-08
KRBL,2022-09-09,2022-09-13,300.66,351.9,478,143859.2,0.6514,300.66,12246.36,19938.63,13.86,4,target_hit_full,2022-09
UNOMINDA,2022-08-24,2022-09-16,545.29,545.29,255,139188.0,0.6275,545.29,0.0,5097.57,3.66,23,stop_loss,2022-08
APTUS,2022-09-13,2022-09-16,329.76,304.13,439,144909.4,0.6304,304.13,-11251.57,-11663.36,-8.05,3,stop_loss,2022-09
TITAGARH,2022-09-12,2022-09-19,162.07,148.97,886,143737.61,0.712,148.97,-11606.6,-12014.17,-8.36,7,stop_loss,2022-09
NLCINDIA,2022-09-14,2022-09-23,69.36,67.52,2122,147329.1,0.5686,65.36,-3904.48,-4338.22,-2.94,9,ema_reversal,2022-09
LICHSGFIN,2022-09-20,2022-09-23,394.95,381.2,361,142719.53,0.5543,381.2,-4963.75,-5381.55,-3.77,3,stop_loss,2022-09
IDFCFIRSTB,2022-09-23,2022-09-23,50.53,48.04,2827,142991.16,0.6619,48.04,-7039.23,-7453.7,-5.21,0,stop_loss,2022-09
UJJIVANSFB,2022-09-20,2022-09-26,23.03,21.39,6199,142905.73,0.6996,21.39,-10166.36,-10574.32,-7.4,6,stop_loss,2022-09
BLUESTARCO,2022-09-23,2022-09-28,533.6,524.26,267,142613.67,0.5982,502.6,-2493.78,-2916.21,-2.04,5,ema_reversal,2022-09
INDIACEM,2022-09-26,2022-09-27,249.0,228.49,558,139080.94,0.6483,228.49,-11444.58,-11838.52,-8.51,1,stop_loss,2022-09
SCHAEFFLER,2022-09-22,2022-09-29,3268.97,3114.61,43,140706.28,0.5373,3019.26,-6637.48,-7045.9,-5.01,7,ema_reversal,2022-09
TRENT,2022-08-24,2022-10-17,1345.93,1373.79,103,138769.42,0.5787,1345.93,1448.72,6478.56,4.67,54,ema_reversal,2022-08
JTEKTINDIA,2022-09-28,2022-10-14,102.31,102.31,1330,136208.37,0.6313,102.31,0.0,6294.85,4.62,16,stop_loss,2022-09
INDIACEM,2022-09-29,2022-10-17,252.8,227.4,536,135636.3,0.6771,230.0,-13614.4,-13993.67,-10.32,18,ema_reversal,2022-09
AMBUJACEM,2022-09-28,2022-10-18,488.86,516.51,277,135549.63,0.6854,447.88,7659.05,7237.49,5.34,20,sector_rotation,2022-09
JBCHEPHARM,2022-09-22,2022-10-20,911.11,911.11,157,143187.31,0.5349,911.11,0.0,4884.5,3.41,28,stop_loss,2022-09
INDUSINDBK,2022-09-26,2022-10-25,1144.6,1120.97,121,138635.1,0.5605,1090.83,-2859.23,-3269.0,-2.36,29,ema_reversal,2022-09
KARURVYSYA,2022-09-27,2022-10-27,64.87,76.47,2115,137337.25,0.6452,64.87,12272.8,20001.47,14.56,30,target_hit_full,2022-09
PCJEWELLER,2022-11-09,2022-11-15,9.65,8.98,14384,138944.41,0.5659,9.01,-9637.28,-10034.42,-7.22,6,ema_reversal,2022-11
PNB,2022-11-04,2022-11-21,39.59,44.55,3501,138743.19,0.6077,39.59,8684.96,14032.69,10.11,17,target_hit_full,2022-11
UCOBANK,2022-11-16,2022-11-21,14.24,15.85,9713,138451.43,0.6406,14.24,7819.77,12574.72,9.08,5,target_hit_full,2022-11
ARVINDFASN,2022-11-09,2022-11-24,351.89,331.87,394,138783.3,0.6326,327.54,-7887.88,-8288.04,-5.97,15,ema_reversal,2022-11
VIJAYA,2022-11-15,2022-11-25,466.3,447.65,296,138162.82,0.6093,434.19,-5520.4,-5923.43,-4.29,10,ema_reversal,2022-11
NMDC,2022-11-16,2022-11-24,30.51,33.69,4527,138256.89,0.6091,30.51,7199.52,11558.73,8.36,8,target_hit_full,2022-11
BHEL,2022-11-15,2022-11-25,70.41,78.48,1963,138353.04,0.608,70.41,7924.74,12761.47,9.22,10,target_hit_full,2022-11
EASEMYTRIP,2022-12-01,2022-12-05,32.92,30.04,4416,145520.09,0.6564,30.04,-12718.08,-13128.77,-9.02,4,stop_loss,2022-12
JSL,2022-11-29,2022-12-06,172.18,192.47,845,145637.59,0.6535,172.18,8582.67,13827.27,9.49,7,target_hit_full,2022-11
EASEMYTRIP,2022-12-06,2022-12-07,30.4,27.37,4745,144392.25,0.6269,27.37,-14377.35,-14781.34,-10.24,1,stop_loss,2022-12
AXISBANK,2022-11-02,2022-12-13,872.69,942.96,159,138896.47,0.5422,872.69,5621.6,8887.04,6.4,41,target_hit_full,2022-11
BHEL,2022-12-12,2022-12-16,85.26,80.64,1684,143721.42,0.6024,80.64,-7780.08,-8195.25,-5.7,4,stop_loss,2022-12
AMBUJACEM,2022-11-23,2022-12-21,560.76,555.03,253,142014.15,0.5998,534.47,-1449.69,-1872.41,-1.32,28,ema_reversal,2022-11
FORCEMOT,2022-11-24,2022-12-22,1488.89,1421.59,95,141585.99,0.5701,1400.58,-6393.5,-6805.05,-4.81,28,ema_reversal,2022-11
RAYMOND,2022-12-15,2022-12-22,1450.67,1450.67,100,145212.07,0.5968,1450.67,0.0,6157.09,4.24,7,stop_loss,2022-12
TITAGARH,2022-12-19,2022-12-22,194.14,194.14,733,142446.92,0.6653,194.14,0.0,6315.93,4.43,3,stop_loss,2022-12
IGL,2022-11-23,2022-12-26,190.24,183.7,747,142251.39,0.524,190.24,-2445.96,1629.43,1.15,33,ema_reversal,2022-11
CANBK,2022-12-01,2022-12-26,57.32,52.72,2539,145681.02,0.633,55.1,-11679.4,-12092.65,-8.3,25,ema_reversal,2022-12
HUDCO,2022-12-22,2022-12-23,47.04,42.7,3035,142909.17,0.6716,42.7,-13171.9,-13573.86,-9.5,1,stop_loss,2022-12
INDIANB,2022-12-22,2022-12-23,266.33,249.05,535,142629.04,0.6503,249.05,-9244.8,-9653.77,-6.77,1,stop_loss,2022-12
JINDALSTEL,2022-12-12,2022-12-27,538.07,538.07,266,143269.75,0.6592,538.07,0.0,3368.14,2.35,15,stop_loss,2022-12
JSL,2022-12-22,2022-12-29,206.69,235.57,692,143172.51,0.6959,206.69,9992.48,16190.59,11.31,7,target_hit_full,2022-12
RECLTD,2022-12-27,2023-01-03,95.36,102.92,1437,137169.35,0.5759,95.36,5435.64,8625.15,6.29,7,target_hit_full,2022-12
SUPREMEIND,2022-12-27,2023-01-04,2404.97,2331.06,56,134813.0,0.5229,2261.51,-4138.96,-4534.72,-3.36,8,ema_reversal,2022-12
IIFL,2022-12-27,2023-01-05,468.3,454.5,292,136880.34,0.6625,433.77,-4029.6,-4431.77,-3.24,9,ema_reversal,2022-12
NMDC,2022-12-28,2023-01-13,33.75,36.83,4082,137905.27,0.5591,33.75,6286.28,10036.09,7.28,16,target_hit_full,2022-12
KARURVYSYA,2022-12-23,2023-01-17,85.4,85.8,1640,140196.06,0.6193,79.72,656.0,234.52,0.17,25,ema_reversal,2022-12
PFC,2023-01-13,2023-01-30,102.28,93.51,1374,140673.25,0.596,97.1,-12049.98,-12447.48,-8.85,17,ema_reversal,2023-01
RECLTD,2023-02-01,2023-02-02,102.36,97.78,1362,139553.73,0.5501,97.89,-6237.96,-6643.73,-4.76,1,ema_reversal,2023-02
TITAGARH,2023-01-11,2023-02-02,223.07,207.04,631,140897.93,0.6794,207.04,-10114.93,-10516.97,-7.46,22,stop_loss,2023-01
JBMA,2023-01-27,2023-02-03,267.67,249.56,521,139595.53,0.5962,249.56,-9435.31,-9834.81,-7.05,7,stop_loss,2023-01
TATASTEEL,2023-01-31,2023-02-08,110.16,103.38,1253,138168.51,0.5244,105.97,-8495.34,-8892.44,-6.44,8,ema_reversal,2023-01
NEWGEN,2023-02-28,2023-03-13,217.88,217.88,613,133694.0,0.5942,217.88,0.0,4540.5,3.4,13,stop_loss,2023-02
EQUITASBNK,2023-03-13,2023-03-14,65.53,60.01,2069,135717.15,0.6799,60.01,-11420.88,-11804.78,-8.7,1,stop_loss,2023-03
POLYMED,2023-03-10,2023-03-16,936.25,936.25,143,134017.63,0.5251,936.25,0.0,4955.92,3.7,6,stop_loss,2023-03
ONGC,2023-03-16,2023-03-28,129.98,129.16,1026,133492.84,0.538,125.71,-841.32,-1239.72,-0.93,12,ema_reversal,2023-03
STYRENIX,2023-03-27,2023-03-27,672.97,634.45,198,133381.31,0.5698,634.45,-7626.96,-8011.45,-6.01,0,stop_loss,2023-03
BLUESTARCO,2023-03-21,2023-03-29,715.07,680.28,185,132420.24,0.6144,672.8,-6436.15,-6820.14,-5.15,8,ema_reversal,2023-03
TORNTPOWER,2023-03-31,2023-03-31,507.76,485.02,259,131641.35,0.5365,485.02,-5889.66,-6272.41,-4.76,0,stop_loss,2023-03
POWERMECH,2023-03-15,2023-04-24,1121.67,1290.36,119,133612.21,0.6221,1121.67,10121.4,16322.59,12.22,40,target_hit_full,2023-03
AUBANK,2023-04-27,2023-05-10,641.15,705.56,206,132208.98,0.5778,641.15,6634.23,10638.71,8.05,13,target_hit_full,2023-04
HINDWAREAP,2023-05-16,2023-05-16,382.75,382.75,360,137927.79,0.53,382.75,0.0,4205.17,3.05,0,stop_loss,2023-05
KIRLOSENG,2023-05-05,2023-05-19,386.51,386.51,350,135413.78,0.6334,386.51,0.0,5219.64,3.85,14,stop_loss,2023-05
CASTROLIND,2023-05-11,2023-05-22,99.51,97.86,1368,136265.81,0.5222,96.96,-2257.2,-2661.07,-1.95,11,ema_reversal,2023-05
NCC,2023-05-11,2023-05-19,114.19,107.6,1192,136250.59,0.6429,107.6,-7855.28,-8247.91,-6.05,8,stop_loss,2023-05
HINDWAREAP,2023-05-17,2023-05-25,398.27,440.89,346,137939.22,0.5673,398.27,7373.26,11851.94,8.59,8,target_hit_full,2023-05
RECLTD,2023-05-12,2023-05-31,112.46,120.7,1217,137000.68,0.6179,112.46,5018.16,7928.78,5.79,19,target_hit_full,2023-05
FINPIPE,2023-05-24,2023-05-31,177.25,167.56,770,136618.98,0.5937,167.56,-7461.3,-7855.82,-5.75,7,stop_loss,2023-05
OLECTRA,2023-03-20,2023-06-01,633.04,769.24,196,124199.92,0.6839,633.04,13347.6,21829.28,17.58,73,target_hit_full,2023-03
MAXHEALTH,2023-05-31,2023-06-05,539.54,513.3,258,139340.52,0.6369,513.3,-6769.92,-7173.98,-5.15,5,stop_loss,2023-05
USHAMART,2023-04-18,2023-06-06,212.9,238.93,622,132556.22,0.6326,212.9,8095.33,13066.93,9.86,49,target_hit_full,2023-04
IONEXCHANG,2023-06-05,2023-06-09,382.66,421.93,373,142874.91,0.6079,382.66,7343.49,11760.35,8.23,4,target_hit_full,2023-06
MOTHERSON,2023-06-01,2023-06-13,51.76,55.45,2706,140202.62,0.5706,51.76,4992.57,7884.12,5.62,12,target_hit_full,2023-06
UNOMINDA,2023-05-23,2023-06-16,535.2,585.5,256,137148.21,0.5359,535.2,6438.4,10297.75,7.51,24,target_hit_full,2023-05
AUBANK,2023-06-06,2023-06-19,746.91,775.54,190,142054.81,0.5322,718.9,5439.7,5003.08,3.52,13,sector_rotation,2023-06
INDSWFTLAB,2023-06-06,2023-06-20,73.0,83.59,1952,142638.5,0.6207,73.0,10335.84,16764.46,11.75,14,target_hit_full,2023-06
ICICIGI,2023-06-16,2023-06-21,1191.3,1272.97,123,146676.43,0.5513,1191.3,5063.54,7928.63,5.41,5,target_hit_full,2023-06
INDHOTEL,2023-06-09,2023-06-22,380.73,380.73,373,142154.3,0.5822,380.73,0.0,3214.13,2.26,13,stop_loss,2023-06
MOTHERSON,2023-06-20,2023-06-22,53.56,57.15,2797,149957.13,0.556,53.56,5022.41,7897.48,5.27,2,target_hit_full,2023-06
NCC,2023-05-26,2023-06-26,114.14,114.14,1215,138818.78,0.6425,114.14,0.0,5859.9,4.22,31,stop_loss,2023-05
KALYANKJIL,2023-06-26,2023-06-28,126.32,141.02,1207,152620.71,0.6449,126.32,8878.8,14301.22,9.37,2,target_hit_full,2023-06
DIXON,2023-06-27,2023-07-05,4469.59,4238.71,34,152118.03,0.5347,4238.71,-7849.92,-8290.12,-5.45,8,stop_loss,2023-06
PNBHOUSING,2023-07-03,2023-07-11,564.52,625.69,272,153702.99,0.6869,564.52,8319.12,13376.82,8.7,8,target_hit_full,2023-07
TORNTPOWER,2023-07-07,2023-07-14,620.41,590.49,248,154015.54,0.616,585.67,-7420.16,-7866.9,-5.11,7,ema_reversal,2023-07
NILKAMAL,2023-05-30,2023-07-19,2237.94,2476.22,62,138891.03,0.5548,2237.94,7386.68,11870.15,8.55,50,target_hit_full,2023-05
TITAGARH,2023-07-11,2023-07-19,498.82,562.94,307,153290.88,0.6807,498.82,9874.48,15922.99,10.39,8,target_hit_full,2023-07
LICHSGFIN,2023-06-30,2023-07-24,375.28,366.68,410,154018.66,0.5401,361.09,-3526.0,-3980.54,-2.58,24,ema_reversal,2023-06
HINDCOPPER,2023-07-14,2023-07-27,116.17,126.11,1332,154893.18,0.5423,116.17,6620.04,10549.33,6.81,13,target_hit_full,2023-07
HINDPETRO,2023-07-14,2023-07-28,174.29,174.29,888,154924.29,0.5573,174.29,0.0,4339.03,2.8,14,stop_loss,2023-07
INDSWFTLAB,2023-07-11,2023-07-31,84.7,97.05,1812,153629.88,0.664,84.7,11189.1,18147.76,11.81,20,target_hit_full,2023-07
ANGELONE,2023-07-24,2023-07-31,157.17,147.1,1013,159372.42,0.5924,147.1,-10200.91,-10658.15,-6.69,7,stop_loss,2023-07
FORCEMOT,2023-08-01,2023-08-02,2559.25,2402.35,63,161393.98,0.5434,2402.35,-9884.7,-10348.63,-6.41,1,stop_loss,2023-08
BANKBARODA,2023-07-14,2023-08-07,185.5,177.74,835,155047.39,0.5706,178.39,-6479.6,-6931.32,-4.47,24,ema_reversal,2023-07
VARROC,2023-07-26,2023-08-08,340.28,339.89,470,160091.53,0.5889,321.42,-183.3,-662.73,-0.41,13,sector_rotation,2023-07
CASTROLIND,2023-08-03,2023-08-07,121.25,133.61,1298,157539.88,0.6103,121.25,8021.64,12870.51,8.17,4,target_hit_full,2023-08
JSWENERGY,2023-07-20,2023-08-10,293.87,329.35,543,159730.98,0.5834,293.87,9650.56,15548.88,9.73,21,target_hit_full,2023-07
ZEEL,2023-08-07,2023-08-10,227.4,256.78,704,160249.69,0.614,227.4,10341.76,16722.7,10.44,3,target_hit_full,2023-08
SUPREMEIND,2023-08-02,2023-08-11,3505.39,3930.24,46,161409.19,0.5676,3505.39,9771.55,15769.52,9.77,9,target_hit_full,2023-08
PURVA,2023-07-24,2023-08-14,95.86,95.86,1661,159382.68,0.6059,95.86,0.0,5585.78,3.5,21,stop_loss,2023-07
POWERMECH,2023-08-11,2023-08-21,2040.02,1947.73,83,169490.98,0.5901,1886.31,-7660.07,-8152.71,-4.81,10,ema_reversal,2023-08
GLENMARK,2023-08-17,2023-08-18,798.95,765.35,214,171146.28,0.6242,765.35,-7190.4,-7688.95,-4.49,1,stop_loss,2023-08
HDFCAMC,2023-08-08,2023-08-21,1189.67,1189.67,135,160766.06,0.5583,1189.67,0.0,4348.58,2.7,13,stop_loss,2023-08
APLAPOLLO,2023-08-08,2023-08-24,1469.77,1627.98,109,160365.13,0.5854,1469.77,8701.55,13887.52,8.66,16,target_hit_full,2023-08
INDIACEM,2023-08-22,2023-08-25,246.7,232.36,681,168170.7,0.6036,232.36,-9765.54,-10250.02,-6.1,3,stop_loss,2023-08
IPCALAB,2023-08-16,2023-08-30,882.61,883.61,190,167863.6,0.576,839.05,190.0,-313.47,-0.19,14,sector_rotation,2023-08
NLCINDIA,2023-08-21,2023-09-04,118.38,133.67,1419,168149.2,0.6355,118.38,10855.9,17547.58,10.44,14,target_hit_full,2023-08
PFC,2023-09-08,2023-09-08,196.2,214.71,891,174989.01,0.5905,196.2,8255.46,13194.82,7.54,0,target_hit_full,2023-09
ADANIPOWER,2023-08-30,2023-09-11,66.87,77.19,2527,169149.47,0.6058,66.87,13044.48,21183.51,12.52,12,target_hit_full,2023-08
INTELLECT,2023-07-31,2023-09-12,680.71,680.71,235,160126.82,0.627,680.71,0.0,5823.13,3.64,43,stop_loss,2023-07
PFC,2023-09-11,2023-09-12,222.51,211.16,797,177517.81,0.6754,211.16,-9045.95,-9559.88,-5.39,1,stop_loss,2023-09
SHILPAMED,2023-08-11,2023-09-13,172.82,172.82,982,169878.95,0.6251,172.82,0.0,7948.58,4.68,33,stop_loss,2023-08
ORIENTCEM,2023-08-21,2023-09-13,187.15,171.97,895,167666.75,0.693,171.97,-13586.1,-14061.43,-8.39,23,stop_loss,2023-08
GMRAIRPORT,2023-09-01,2023-09-13,62.15,58.59,2739,170399.08,0.6349,58.59,-9750.84,-10242.02,-6.01,12,stop_loss,2023-09
NCC,2023-09-11,2023-09-13,157.48,147.63,1124,177184.53,0.6357,147.63,-11071.4,-11580.28,-6.54,2,stop_loss,2023-09
NMDC,2023-09-13,2023-09-14,40.93,44.77,4134,169373.82,0.6538,40.93,7937.28,12694.73,7.5,1,target_hit_full,2023-09
GPPL,2023-09-14,2023-09-27,114.52,110.54,1479,169544.46,0.6123,107.55,-5886.42,-6382.77,-3.76,13,ema_reversal,2023-09
ZEEL,2023-09-15,2023-09-27,265.2,255.53,644,170959.59,0.5712,250.62,-6227.48,-6727.39,-3.94,12,ema_reversal,2023-09
FINCABLES,2023-09-14,2023-10-03,1076.6,1076.6,157,169195.23,0.5754,1076.6,0.0,6698.94,3.96,19,stop_loss,2023-09
ZENTEC,2023-09-27,2023-10-04,787.42,731.95,215,169464.6,0.5683,731.95,-11926.05,-12410.08,-7.32,7,stop_loss,2023-09
IDFCFIRSTB,2023-09-14,2023-10-09,93.49,89.76,1816,169947.62,0.5901,89.1,-6773.68,-7269.47,-4.28,25,ema_reversal,2023-09
UCOBANK,2023-09-27,2023-10-23,41.38,37.85,4094,169579.13,0.6261,37.55,-14451.82,-14931.15,-8.8,26,ema_reversal,2023-09
ESCORTS,2023-09-07,2023-10-23,3096.34,3096.34,56,173568.44,0.5887,3096.34,0.0,5081.19,2.93,46,stop_loss,2023-09
BHEL,2023-09-13,2023-10-25,126.58,117.7,1339,169660.11,0.6808,116.81,-11890.32,-12375.01,-7.29,42,ema_reversal,2023-09
IBREALEST,2023-10-05,2023-10-25,80.5,73.6,2099,169138.47,0.6047,74.52,-14483.1,-14961.04,-8.85,20,ema_reversal,2023-10
IFCI,2023-10-05,2023-10-23,23.9,21.65,7062,168950.58,0.6718,21.65,-15889.5,-16364.07,-9.69,18,stop_loss,2023-10
PHOENIXLTD,2023-10-20,2023-10-23,932.81,879.95,179,167139.96,0.5272,879.95,-9461.94,-9943.94,-5.95,3,stop_loss,2023-10
SAFARI,2023-10-20,2023-10-25,2126.55,2024.13,78,166036.77,0.5912,2024.13,-7988.76,-8470.4,-5.1,5,stop_loss,2023-10
GOKEX,2023-10-25,2023-10-31,880.55,809.98,177,156013.21,0.6667,809.98,-12490.89,-12933.48,-8.29,6,stop_loss,2023-10
MOTILALOFS,2023-10-26,2023-11-01,927.48,1043.1,167,155044.05,0.5539,927.48,9712.08,15612.83,10.07,6,target_hit_full,2023-10
DHANUKA,2023-11-08,2023-11-08,873.21,828.74,184,160831.31,0.5211,828.74,-8182.48,-8648.13,-5.38,0,stop_loss,2023-11
NMDC,2023-10-26,2023-11-10,45.11,49.91,3445,155559.35,0.6155,45.11,8270.4,13287.03,8.54,15,target_hit_full,2023-10
VIJAYA,2023-10-27,2023-11-10,548.28,611.32,281,154220.75,0.6437,548.28,8888.64,14281.09,9.26,14,target_hit_full,2023-10
COALINDIA,2023-10-27,2023-11-13,254.31,272.11,606,154265.97,0.5945,254.31,5393.4,8509.69,5.52,17,target_hit_full,2023-10
SEQUENT,2023-10-26,2023-11-17,99.35,98.2,1566,155737.68,0.6259,91.62,-1800.9,-2264.04,-1.45,22,ema_reversal,2023-10
DHANUKA,2023-11-09,2023-11-22,833.8,928.19,191,159415.06,0.5395,833.8,9061.44,14531.94,9.12,13,target_hit_full,2023-11
NBCC,2023-11-29,2023-11-30,44.92,49.93,3664,164751.47,0.6075,44.92,9178.32,14772.84,8.97,1,target_hit_full,2023-11
NMDC,2023-11-22,2023-12-04,50.79,55.2,3231,164266.59,0.652,50.79,7126.56,11358.6,6.91,12,target_hit_full,2023-11
CHALET,2023-11-03,2023-12-06,571.42,571.67,275,157297.64,0.6336,539.56,68.75,-402.81,-0.26,33,ema_reversal,2023-11
PNBHOUSING,2023-12-01,2023-12-08,780.03,738.46,217,169435.78,0.6141,738.46,-9020.69,-9510.45,-5.61,7,stop_loss,2023-12
PHOENIXLTD,2023-12-06,2023-12-08,1146.51,1075.88,147,168705.51,0.5962,1075.88,-10382.61,-10867.46,-6.44,2,stop_loss,2023-12
SUZLON,2023-11-24,2023-12-15,40.0,36.95,4087,163643.48,0.6384,36.95,-12465.35,-12930.86,-7.9,21,stop_loss,2023-11
SUVEN,2023-11-01,2023-12-19,81.8,81.6,1939,158768.81,0.6627,75.66,-387.8,-862.85,-0.54,48,ema_reversal,2023-11
AUROPHARMA,2023-12-12,2023-12-19,999.8,1017.06,164,164131.17,0.5265,960.82,2830.64,2333.08,1.42,7,sector_rotation,2023-12
RAILTEL,2023-12-04,2023-12-20,282.08,282.08,595,168005.44,0.6604,282.08,0.0,7333.46,4.37,16,stop_loss,2023-12
JSWENERGY,2023-12-19,2023-12-20,432.41,405.65,385,166644.33,0.6092,405.65,-10302.6,-10781.43,-6.47,1,stop_loss,2023-12
HINDPETRO,2023-12-12,2023-12-21,219.23,219.23,752,165025.82,0.671,219.23,0.0,6342.44,3.84,9,stop_loss,2023-12
NMDC,2023-12-21,2023-12-21,54.08,54.08,3047,164946.54,0.6307,54.08,0.0,5007.89,3.04,0,stop_loss,2023-12
MOTILALOFS,2023-11-23,2023-12-28,1106.47,1196.16,147,162813.74,0.619,1106.47,6637.06,14213.16,8.73,35,sector_rotation,2023-11
BHEL,2023-12-21,2023-12-28,168.45,190.37,974,164234.37,0.6851,168.45,10675.04,17267.18,10.51,7,target_hit_full,2023-12
PRESTIGE,2023-12-18,2024-01-04,1130.51,1322.32,146,165219.51,0.664,1130.51,14002.13,22794.8,13.8,17,target_hit_full,2023-12
CONCOR,2023-12-21,2024-01-04,795.31,862.28,206,163997.69,0.5481,795.31,6897.91,10981.34,6.7,14,target_hit_full,2023-12
JYOTHYLAB,2023-12-14,2024-01-05,456.42,509.17,363,165846.14,0.6664,456.42,9600.5,15437.3,9.31,22,target_hit_full,2023-12
CANBK,2023-12-22,2024-01-11,81.77,84.86,2031,166240.94,0.5877,81.77,3139.44,7112.26,4.28,20,sector_rotation,2023-12
WIPRO,2024-01-04,2024-01-15,213.74,231.29,817,174800.21,0.6043,213.74,7177.95,11403.77,6.52,11,target_hit_full,2024-01
HINDALCO,2024-01-05,2024-01-16,582.96,562.18,304,177397.06,0.6232,562.18,-6317.12,-6836.15,-3.85,11,stop_loss,2024-01
INDIACEM,2023-12-28,2024-01-19,260.0,251.0,645,167867.7,0.5872,242.86,-5805.0,-6296.49,-3.75,22,ema_reversal,2023-12
NMDC,2024-01-11,2024-01-18,63.47,60.29,2753,174907.64,0.6006,60.29,-8754.54,-9261.23,-5.29,7,stop_loss,2024-01
ADANIENSOL,2024-01-17,2024-01-19,1124.95,1047.91,156,175667.69,0.5648,1047.91,-12018.24,-12520.68,-7.13,2,stop_loss,2024-01
PFC,2023-12-22,2024-01-23,356.83,356.83,465,166091.88,0.655,356.83,0.0,6066.27,3.65,32,stop_loss,2023-12
KALYANKJIL,2024-01-17,2024-01-23,363.42,341.76,485,176434.96,0.6371,341.76,-10505.1,-11012.87,-6.24,6,stop_loss,2024-01
NTPC,2024-01-23,2024-01-23,295.92,283.77,584,172990.1,0.5359,283.77,-7095.6,-7599.86,-4.39,0,stop_loss,2024-01
TATAPOWER,2024-01-19,2024-01-29,344.37,374.25,426,146848.32,0.5652,344.37,6364.44,10146.08,6.91,10,target_hit_full,2024-01
CHALET,2024-01-19,2024-01-30,727.19,727.19,201,146311.36,0.7144,727.19,0.0,4543.52,3.11,11,stop_loss,2024-01
PFC,2024-01-24,2024-01-30,363.2,410.51,466,169420.45,0.6082,363.2,11023.23,17827.55,10.52,6,target_hit_full,2024-01
VOLTAS,2024-01-24,2024-01-31,997.77,991.82,169,168791.75,0.5263,957.93,-1005.55,-1509.41,-0.89,7,sector_rotation,2024-01
RATNAMANI,2024-02-01,2024-02-01,3533.89,3340.69,51,180408.62,0.5208,3340.69,-9853.2,-10374.18,-5.75,0,stop_loss,2024-02
NLCINDIA,2024-01-04,2024-02-02,222.79,260.45,783,174619.01,0.7003,222.79,14762.72,24004.33,13.75,29,target_hit_full,2024-01
ADANIPORTS,2024-01-19,2024-02-02,1151.68,1254.93,127,146409.62,0.6335,1151.68,6608.0,10483.61,7.16,14,target_hit_full,2024-01
WABAG,2024-01-30,2024-02-05,649.33,724.42,277,180044.27,0.6042,649.33,10437.51,16771.51,9.32,6,target_hit_full,2024-01
HFCL,2024-02-06,2024-02-09,98.59,98.59,1826,180205.37,0.6149,98.59,0.0,9792.64,5.43,3,stop_loss,2024-02
JTEKTINDIA,2024-02-07,2024-02-09,163.32,152.21,1125,183918.74,0.5971,152.21,-12498.75,-13024.96,-7.08,2,stop_loss,2024-02
VIJAYA,2024-02-08,2024-02-09,672.89,629.93,273,183882.67,0.5985,629.93,-11728.08,-12255.72,-6.66,1,stop_loss,2024-02
IRCTC,2024-01-24,2024-02-14,915.97,890.67,185,169623.9,0.564,858.51,-4680.5,-5179.5,-3.05,21,ema_reversal,2024-01
INDUSTOWER,2024-02-02,2024-02-13,221.35,207.37,810,179472.79,0.5801,207.37,-11323.8,-11839.03,-6.6,11,stop_loss,2024-02
SEQUENT,2024-02-12,2024-02-14,135.5,129.05,1322,179310.13,0.6073,125.31,-8526.9,-9047.24,-5.05,2,ema_reversal,2024-02
GPPL,2024-02-14,2024-02-16,155.55,178.87,1112,173144.57,0.6312,155.55,12965.92,21044.03,12.15,2,target_hit_full,2024-02
FORCEMOT,2024-02-16,2024-02-16,5004.9,5004.9,36,180356.58,0.5974,5004.9,0.0,4716.1,2.61,0,stop_loss,2024-02
AJANTPHARM,2024-02-02,2024-02-21,2131.19,2085.46,83,177065.66,0.5352,2009.33,-3795.59,-4318.67,-2.44,19,ema_reversal,2024-02
SHYAMMETL,2024-02-12,2024-02-21,674.91,656.06,265,179030.0,0.6537,634.76,-4995.25,-5521.81,-3.08,9,ema_reversal,2024-02
NMDC,2024-02-13,2024-02-21,70.06,70.06,2483,174132.94,0.6058,70.06,0.0,5831.72,3.35,8,stop_loss,2024-02
EQUITASBNK,2024-02-19,2024-02-21,107.03,101.28,1699,182025.81,0.6071,101.28,-9769.25,-10295.24,-5.66,2,stop_loss,2024-02
FORTIS,2024-02-14,2024-02-29,432.6,415.9,399,172780.01,0.5684,412.52,-6663.3,-7167.8,-4.15,15,ema_reversal,2024-02
NMDC,2024-02-23,2024-03-12,71.96,67.73,2510,180800.22,0.581,67.73,-10617.3,-11137.92,-6.16,18,stop_loss,2024-02
HUDCO,2024-02-14,2024-03-14,166.12,147.09,791,131532.32,0.6776,166.12,-7535.88,3603.81,2.74,29,ema_reversal,2024-02
COALINDIA,2024-02-22,2024-03-13,385.1,361.96,469,180792.51,0.632,361.96,-10852.66,-11372.79,-6.29,20,stop_loss,2024-02
TORNTPOWER,2024-02-26,2024-03-13,1098.84,1098.84,163,179290.03,0.6131,1098.84,0.0,8021.79,4.47,16,stop_loss,2024-02
CANBK,2024-03-01,2024-03-13,107.15,101.68,1630,174829.15,0.5977,101.68,-8916.1,-9422.23,-5.39,12,stop_loss,2024-03
INDIANB,2024-02-16,2024-03-15,505.59,472.37,358,181182.22,0.6524,469.64,-11892.76,-12411.98,-6.85,28,ema_reversal,2024-02
BPCL,2024-02-23,2024-03-15,277.39,259.81,650,180483.8,0.6532,259.81,-11427.0,-11945.06,-6.62,21,stop_loss,2024-02
FORCEMOT,2024-03-14,2024-03-18,5872.9,7008.47,28,164605.64,0.5583,5872.9,15897.98,25950.36,15.77,4,target_hit_full,2024-03
ADANIGREEN,2024-03-15,2024-03-18,1902.0,1755.2,89,169447.28,0.5682,1755.2,-13065.2,-13546.9,-7.99,3,stop_loss,2024-03
NCC,2024-03-15,2024-03-19,230.09,219.67,703,161915.02,0.6671,205.78,-7325.26,-7795.87,-4.81,4,ema_reversal,2024-03
GPPL,2024-03-18,2024-03-20,186.1,175.16,922,171755.78,0.6371,167.94,-10086.68,-10581.26,-6.16,2,ema_reversal,2024-03
BLUESTARCO,2024-03-18,2024-03-27,1253.8,1261.58,136,170687.32,0.5757,1179.1,1058.08,544.41,0.32,9,sector_rotation,2024-03
HUDCO,2024-03-18,2024-03-27,179.95,175.6,825,148607.21,0.623,159.12,-3588.75,-4026.95,-2.71,9,sector_rotation,2024-03
BEL,2024-03-22,2024-04-02,193.61,216.8,861,166864.91,0.595,193.61,9994.89,16109.31,9.65,11,target_hit_full,2024-03
INTELLECT,2024-03-22,2024-04-04,1068.39,1092.91,155,165766.05,0.6785,981.35,3800.6,3296.2,1.99,13,sector_rotation,2024-03
NATIONALUM,2024-03-26,2024-04-03,136.05,158.47,1229,167372.66,0.6053,136.05,13788.3,22420.05,13.4,8,target_hit_full,2024-03
ADANIPOWER,2024-04-02,2024-04-04,115.0,128.29,1492,171751.58,0.5822,115.0,9914.34,15976.11,9.3,2,target_hit_full,2024-04
IFBIND,2024-04-09,2024-04-15,1491.0,1389.16,118,176113.94,0.5731,1389.16,-12017.12,-12520.9,-7.11,6,stop_loss,2024-04
JSWENERGY,2024-04-18,2024-04-24,597.71,597.71,292,174705.85,0.6478,597.71,0.0,6072.61,3.48,6,stop_loss,2024-04
NTPC,2024-04-19,2024-05-02,327.08,355.15,536,175490.19,0.5575,327.08,7522.76,11988.7,6.83,13,target_hit_full,2024-04
LICI,2024-04-02,2024-05-07,954.73,920.72,179,171067.57,0.5244,894.9,-6087.79,-6588.3,-3.85,35,ema_reversal,2024-04
ADANIPOWER,2024-04-15,2024-05-07,117.8,118.01,1484,174990.02,0.5967,110.9,311.64,-213.43,-0.12,22,sector_rotation,2024-04
CUB,2024-04-22,2024-05-09,153.13,146.41,1150,176275.6,0.5997,146.41,-7728.0,-8240.84,-4.67,17,stop_loss,2024-04
SAIL,2024-05-07,2024-05-09,159.74,149.92,1105,176689.21,0.6121,149.92,-10851.1,-11358.94,-6.43,2,stop_loss,2024-05
VIJAYA,2024-05-07,2024-05-10,669.4,740.71,263,176228.25,0.5518,669.4,9412.92,15081.22,8.56,3,target_hit_full,2024-05
CONCOR,2024-05-08,2024-05-17,975.24,1079.13,178,173766.31,0.5231,975.24,9246.21,14858.75,8.55,9,target_hit_full,2024-05
HINDALCO,2024-05-08,2024-05-21,607.14,660.36,286,173815.68,0.5919,607.14,7610.46,12137.81,6.98,13,target_hit_full,2024-05
BHEL,2024-05-10,2024-05-21,274.14,311.01,638,175076.22,0.6048,274.14,11761.53,19038.64,10.87,11,target_hit_full,2024-05
MUTHOOTFIN,2024-05-13,2024-05-22,1622.21,1647.72,108,175373.88,0.5355,1538.82,2755.08,2223.97,1.27,9,sector_rotation,2024-05
CHOLAFIN,2024-05-14,2024-05-22,1278.89,1295.45,139,177943.48,0.523,1214.1,2301.84,1763.94,0.99,8,sector_rotation,2024-05
BIOCON,2024-05-08,2024-05-24,295.2,329.46,590,174342.17,0.603,295.2,10106.7,16288.31,9.34,16,target_hit_full,2024-05
BLUESTARCO,2024-05-29,2024-05-31,1504.56,1504.56,123,185245.94,0.5518,1504.56,0.0,6103.04,3.29,2,stop_loss,2024-05
SAREGAMA,2024-05-24,2024-06-03,460.92,516.9,400,184552.37,0.6188,460.92,11196.0,18069.58,9.79,10,target_hit_full,2024-05
TIMKEN,2024-05-28,2024-06-04,4065.33,3784.19,45,183122.79,0.576,3784.19,-12651.3,-13174.82,-7.19,7,stop_loss,2024-05
VEDL,2024-05-29,2024-06-04,401.13,377.07,461,185105.85,0.6283,377.07,-11091.66,-11624.24,-6.28,6,stop_loss,2024-05
ENGINERSIN,2024-05-30,2024-06-04,245.82,225.07,754,185533.63,0.6239,225.07,-15645.5,-16170.25,-8.72,5,stop_loss,2024-05
KIRLPNU,2024-05-30,2024-06-04,1114.49,1114.49,166,185190.35,0.6449,1114.49,0.0,10355.05,5.59,5,stop_loss,2024-05
JINDALSTEL,2024-06-03,2024-06-04,1075.61,1034.32,175,188419.98,0.5432,1034.32,-7225.75,-7775.99,-4.13,1,stop_loss,2024-06
SIEMENS,2024-06-03,2024-06-04,4240.81,4073.92,44,186782.24,0.5645,4073.92,-7343.16,-7888.26,-4.22,1,stop_loss,2024-06
SCHAEFFLER,2024-06-05,2024-06-05,4159.79,3802.63,43,179049.84,0.5708,3802.63,-15357.88,-15863.78,-8.86,0,stop_loss,2024-06
JINDALSTEL,2024-06-06,2024-06-13,1011.97,1034.78,177,179297.81,0.5601,949.54,4037.37,3491.94,1.95,7,sector_rotation,2024-06
BHARATFORG,2024-06-06,2024-06-14,1496.95,1687.32,120,179813.63,0.5963,1496.95,11422.2,18459.82,10.27,8,target_hit_full,2024-06
EXIDEIND,2024-06-06,2024-06-20,489.26,565.81,367,179737.98,0.6401,489.26,14085.2,22839.99,12.71,14,target_hit_full,2024-06
HAVELLS,2024-06-06,2024-07-02,1793.01,1793.01,99,177685.5,0.5271,1793.01,0.0,5411.51,3.05,26,stop_loss,2024-06
FORTIS,2024-06-25,2024-07-02,483.98,457.03,397,192332.2,0.6015,457.03,-10699.15,-11254.17,-5.85,7,stop_loss,2024-06
BEL,2024-06-07,2024-07-08,269.98,324.8,672,181607.99,0.623,269.98,18419.52,30094.64,16.57,31,target_hit_full,2024-06
WELENT,2024-06-05,2024-07-09,418.86,503.98,428,179451.35,0.6844,418.86,18215.68,29759.51,16.58,34,target_hit_full,2024-06
PRESTIGE,2024-06-28,2024-07-11,1860.02,1796.21,103,191773.64,0.6046,1691.91,-6572.43,-7134.03,-3.72,13,ema_reversal,2024-06
BRIGADE,2024-07-11,2024-07-15,1342.78,1313.55,144,193553.68,0.5505,1255.18,-4209.12,-4780.78,-2.47,4,ema_reversal,2024-07
GALLANTT,2024-07-08,2024-07-19,338.63,302.34,563,190839.34,0.6571,316.03,-20431.27,-20962.35,-10.98,11,ema_reversal,2024-07
ARVINDFASN,2024-07-04,2024-07-22,525.21,470.52,363,190841.88,0.6278,491.98,-19852.47,-20384.72,-10.68,18,ema_reversal,2024-07
KIRLPNU,2024-06-24,2024-07-22,1331.28,1222.33,144,191896.02,0.5976,1222.33,-15688.8,-16232.54,-8.46,28,stop_loss,2024-06
RECLTD,2024-07-19,2024-07-23,561.01,529.49,336,188687.86,0.6254,529.49,-10590.72,-11135.04,-5.9,4,stop_loss,2024-07
CHAMBLFERT,2024-07-23,2024-07-23,492.48,458.06,378,186343.6,0.5793,458.06,-13010.76,-13543.21,-7.27,0,stop_loss,2024-07
CROMPTON,2024-07-02,2024-07-30,412.09,451.04,466,192225.97,0.5859,412.09,9075.35,14517.68,7.55,28,target_hit_full,2024-07
ISGEC,2024-07-22,2024-07-30,1341.62,1525.52,138,185328.7,0.5744,1341.62,12689.1,20550.77,11.09,8,target_hit_full,2024-07
SUMICHEM,2024-07-10,2024-08-05,491.72,491.72,391,192454.78,0.5818,491.72,0.0,6580.97,3.42,26,stop_loss,2024-07
CERA,2024-07-24,2024-08-06,8932.19,9977.8,20,178822.44,0.5286,8932.19,10456.1,16856.02,9.43,13,target_hit_full,2024-07
NBCC,2024-07-24,2024-08-07,116.01,110.67,1576,183014.59,0.5956,104.56,-8415.84,-8947.5,-4.89,14,ema_reversal,2024-07
PIIND,2024-08-06,2024-08-09,4194.85,4540.94,44,184757.97,0.5244,4194.85,7613.98,12110.94,6.56,3,target_hit_full,2024-08
EVEREADY,2024-08-07,2024-08-12,413.46,472.14,455,188312.42,0.6033,413.46,13379.04,21650.39,11.5,5,target_hit_full,2024-08
AFFLE,2024-08-06,2024-08-21,1454.95,1638.68,128,186419.83,0.5373,1454.95,11758.72,19000.18,10.19,15,target_hit_full,2024-08
POWERMECH,2024-08-19,2024-08-23,2977.86,3373.26,66,196735.3,0.5306,2977.86,13048.2,21113.89,10.73,4,target_hit_full,2024-08
TORNTPOWER,2024-08-12,2024-08-26,1736.43,1616.16,113,196412.81,0.5825,1616.16,-13590.51,-14151.98,-7.21,14,stop_loss,2024-08
KALYANKJIL,2024-08-06,2024-09-02,547.17,629.24,342,187319.27,0.6693,547.17,14033.97,22781.2,12.16,27,target_hit_full,2024-08
ZYDUSWELL,2024-08-05,2024-09-04,443.34,440.88,426,189051.7,0.631,417.45,-1047.96,-1612.45,-0.85,30,ema_reversal,2024-08
DHANUKA,2024-07-16,2024-09-05,1721.83,1713.07,112,193037.8,0.6014,1721.83,-490.56,7279.88,3.77,51,ema_reversal,2024-07
WELENT,2024-09-03,2024-09-09,567.79,532.31,350,198925.23,0.6595,532.31,-12418.0,-12989.34,-6.53,6,stop_loss,2024-09
ZYDUSWELL,2024-09-05,2024-09-10,452.85,448.26,441,199906.56,0.5538,428.83,-2024.19,-2619.26,-1.31,5,ema_reversal,2024-09
ALOKINDS,2024-08-30,2024-09-12,27.85,26.34,7233,201640.49,0.599,25.98,-10921.83,-11504.3,-5.71,13,ema_reversal,2024-08
PHOENIXLTD,2024-09-09,2024-09-12,1814.66,1732.24,110,199812.21,0.5257,1710.77,-9066.2,-9646.91,-4.83,3,ema_reversal,2024-09
GRANULES,2024-09-09,2024-09-13,671.5,563.28,296,198962.76,0.6099,640.31,-32033.12,-32565.35,-16.37,4,ema_reversal,2024-09
MGL,2024-08-07,2024-09-16,1712.08,1740.74,110,188517.13,0.5827,1712.08,1576.3,8462.77,4.49,40,sector_rotation,2024-08
THYROCARE,2024-09-02,2024-09-19,287.06,270.57,704,202292.33,0.6579,270.57,-11608.96,-12192.01,-6.03,17,stop_loss,2024-09
LAURUSLABS,2024-09-19,2024-09-19,484.54,463.03,391,189644.6,0.5861,463.03,-8410.41,-8961.95,-4.73,0,stop_loss,2024-09
VIJAYA,2024-09-20,2024-09-30,901.23,901.23,208,187643.3,0.5554,901.23,0.0,6124.95,3.26,10,stop_loss,2024-09
SUPRIYA,2024-09-26,2024-09-30,596.9,552.7,315,188211.52,0.6958,552.7,-13923.0,-14459.22,-7.68,4,stop_loss,2024-09
GLENMARK,2024-09-24,2024-10-04,1715.79,1630.25,109,187208.13,0.5356,1639.26,-9323.86,-9866.28,-5.27,10,ema_reversal,2024-09
EVEREADY,2024-09-16,2024-10-08,463.33,416.5,413,191546.65,0.6056,434.64,-19340.79,-19876.17,-10.38,22,ema_reversal,2024-09
SHILPAMED,2024-09-20,2024-10-08,426.18,375.35,440,187706.72,0.6811,392.32,-22365.2,-22883.03,-12.19,18,ema_reversal,2024-09
YATHARTH,2024-09-23,2024-10-07,570.0,536.25,330,188288.1,0.6341,536.25,-11137.5,-11679.52,-6.2,14,stop_loss,2024-09
BIKAJI,2024-10-01,2024-10-07,921.89,860.05,200,184562.38,0.5845,860.05,-12368.0,-12896.4,-6.99,6,stop_loss,2024-10
KALYANKJIL,2024-10-01,2024-10-07,728.97,682.04,253,184613.84,0.6763,682.04,-11873.29,-12402.83,-6.72,6,stop_loss,2024-10
NEWGEN,2024-10-08,2024-10-15,1238.93,1238.93,140,173623.65,0.6472,1238.93,0.0,10165.43,5.85,7,stop_loss,2024-10
MAXHEALTH,2024-10-09,2024-10-21,967.98,939.02,179,173441.69,0.5606,908.01,-5183.84,-5693.28,-3.28,12,ema_reversal,2024-10
AVALON,2024-10-21,2024-10-24,589.9,580.1,296,174785.01,0.5973,537.31,-2900.8,-3418.83,-1.96,3,ema_reversal,2024-10
OMAXE,2024-10-21,2024-10-28,121.1,111.85,1441,174679.61,0.638,111.52,-13329.25,-13826.11,-7.92,7,ema_reversal,2024-10
VMART,2024-10-21,2024-11-11,1074.86,1000.0,162,174301.45,0.6535,1005.24,-12127.32,-12625.45,-7.24,21,ema_reversal,2024-10
MCX,2024-10-31,2024-11-14,1276.23,1187.45,136,173740.85,0.6132,1196.43,-12074.08,-12570.63,-7.24,14,ema_reversal,2024-10
MOTILALOFS,2024-10-29,2024-11-25,920.04,926.24,188,173140.49,0.6519,831.08,1165.6,644.37,0.37,27,ema_reversal,2024-10
WABAG,2024-10-23,2024-12-02,1587.96,1862.13,107,170081.63,0.5924,1587.96,14805.18,23933.8,14.07,40,target_hit_full,2024-10
ECLERX,2024-11-19,2024-12-03,1564.03,1785.6,108,169084.16,0.5287,1564.03,11964.78,19394.49,11.47,14,target_hit_full,2024-11
ANGELONE,2024-12-17,2024-12-19,315.46,295.31,561,177150.03,0.6063,295.31,-11304.15,-11812.46,-6.67,2,stop_loss,2024-12
VEDL,2024-12-20,2024-12-23,458.98,438.8,382,175505.69,0.587,438.8,-7708.76,-8219.33,-4.68,3,stop_loss,2024-12
RAIN,2024-12-19,2024-12-26,176.42,166.58,997,176066.63,0.6259,166.58,-9810.48,-10318.53,-5.86,7,stop_loss,2024-12
ECLERX,2024-12-24,2024-12-30,1833.54,1742.28,93,170689.74,0.5438,1742.28,-8487.18,-8981.76,-5.26,6,stop_loss,2024-12
PARADEEP,2024-11-18,2025-01-06,104.27,121.67,1624,169503.81,0.6322,104.27,14128.8,22992.9,13.56,49,target_hit_full,2024-11
KEC,2024-12-31,2025-01-07,1197.59,1120.6,142,170227.84,0.5867,1120.6,-10932.58,-11420.89,-6.71,7,stop_loss,2024-12
THYROCARE,2025-01-07,2025-01-07,331.43,311.95,508,168534.81,0.6201,311.95,-9895.84,-10381.15,-6.16,0,stop_loss,2025-01
AFFLE,2024-12-24,2025-01-09,1797.0,1683.25,95,170885.71,0.5849,1690.54,-10806.25,-11296.78,-6.61,16,ema_reversal,2024-12
KARURVYSYA,2025-01-02,2025-01-08,186.47,176.76,917,171163.98,0.5552,176.76,-8904.07,-9399.24,-5.49,6,stop_loss,2025-01
AVALON,2025-01-06,2025-01-14,975.0,863.0,176,171771.6,0.6513,893.12,-19712.0,-20187.38,-11.75,8,ema_reversal,2025-01
MEDPLUS,2025-01-08,2025-01-13,847.9,805.0,196,166354.59,0.5413,805.0,-8408.4,-8890.15,-5.34,5,stop_loss,2025-01
LLOYDSENGG,2025-01-17,2025-01-24,82.76,82.94,1950,161543.38,0.6309,76.36,351.0,-133.85,-0.08,7,sector_rotation,2025-01
KIMS,2025-01-15,2025-01-28,619.15,585.25,261,161759.75,0.6105,584.83,-8847.9,-9315.0,-5.76,13,ema_reversal,2025-01
COFORGE,2025-01-24,2025-01-28,1799.16,1697.75,89,160285.37,0.5456,1697.75,-9025.49,-9487.81,-5.92,4,stop_loss,2025-01
SRF,2025-02-13,2025-02-17,2847.01,2714.12,55,156742.14,0.5307,2714.12,-7308.95,-7764.09,-4.95,4,stop_loss,2025-02
NAVINFLUOR,2025-02-13,2025-02-24,4139.61,3920.97,38,157462.49,0.5202,3920.97,-8308.32,-8763.62,-5.57,11,stop_loss,2025-02
BAJFINANCE,2025-02-13,2025-03-21,814.68,884.16,194,158205.97,0.534,814.68,6739.56,10735.99,6.79,36,target_hit_full,2025-02
BEL,2025-04-02,2025-04-02,288.0,274.69,548,157981.82,0.5579,274.69,-7293.88,-7752.76,-4.91,0,stop_loss,2025-04
KIMS,2025-04-02,2025-04-04,626.0,581.73,252,157909.75,0.6304,581.73,-11156.04,-11606.98,-7.35,2,stop_loss,2025-04
BEL,2025-04-04,2025-04-07,285.22,271.39,546,155885.85,0.5284,271.39,-7551.18,-8003.27,-5.13,3,stop_loss,2025-04
GLAXO,2025-04-09,2025-04-24,2666.29,3052.5,57,152130.51,0.5235,2666.29,11200.09,17916.78,11.78,15,target_hit_full,2025-04
SBFC,2025-05-02,2025-05-07,101.0,94.4,1566,158324.17,0.6135,94.4,-10335.6,-10789.43,-6.81,5,stop_loss,2025-05
BALRAMCHIN,2025-04-15,2025-05-08,534.25,534.25,288,154017.86,0.5773,534.25,0.0,6110.36,3.97,23,stop_loss,2025-04
POWERGRID,2025-04-30,2025-05-15,294.81,282.64,536,158176.18,0.5402,282.64,-6523.12,-6984.13,-4.42,15,stop_loss,2025-04
KSCL,2025-05-02,2025-05-19,1412.81,1342.07,111,156978.73,0.645,1287.2,-7852.14,-8306.9,-5.29,17,ema_reversal,2025-05
SUZLON,2025-06-10,2025-06-13,67.83,63.73,2261,153516.99,0.5743,63.73,-9270.1,-9711.65,-6.33,3,stop_loss,2025-06
ZENTEC,2025-06-10,2025-06-13,2028.04,1891.59,75,152255.1,0.5976,1891.59,-10233.75,-10669.59,-7.01,3,stop_loss,2025-06
EIDPARRY,2025-06-02,2025-06-17,948.7,948.7,161,152893.44,0.5845,948.7,0.0,4500.64,2.94,15,stop_loss,2025-06
MEDPLUS,2025-06-04,2025-06-18,920.0,868.65,167,153793.64,0.5709,856.99,-8575.45,-9019.22,-5.86,14,ema_reversal,2025-06
SBFC,2025-06-16,2025-06-20,109.89,104.55,1369,150589.85,0.562,104.03,-7310.46,-7747.16,-5.14,4,ema_reversal,2025-06
ZEEL,2025-06-23,2025-06-23,129.78,145.0,1138,147837.33,0.5841,129.78,8660.18,13963.59,9.45,0,target_hit_full,2025-06
ZENTEC,2025-06-16,2025-06-27,1992.19,1899.22,75,149563.66,0.6078,1848.22,-6972.75,-7407.05,-4.95,11,ema_reversal,2025-06
RAILTEL,2025-06-13,2025-06-30,423.32,426.74,358,151700.11,0.6206,391.14,1224.36,767.27,0.51,17,sector_rotation,2025-06
MASFIN,2025-06-17,2025-06-30,290.6,311.07,517,150390.44,0.5222,290.6,5301.73,9585.84,6.37,13,sector_rotation,2025-06
CRISIL,2025-06-19,2025-06-30,5572.89,5987.87,26,145040.04,0.5314,5572.89,5394.74,9977.21,6.88,11,sector_rotation,2025-06
ANGELONE,2025-06-24,2025-07-03,295.99,290.05,509,150809.57,0.5721,279.62,-3023.46,-3469.39,-2.3,9,ema_reversal,2025-06
KRBL,2025-06-26,2025-07-03,353.41,376.71,428,151410.74,0.5699,353.41,4986.2,10053.96,6.64,7,sector_rotation,2025-06
MCX,2025-07-09,2025-07-11,1697.52,1616.2,91,154628.79,0.5587,1616.2,-7400.12,-7848.74,-5.08,2,stop_loss,2025-07
INDUSTOWER,2025-07-08,2025-07-15,406.6,405.05,380,154662.51,0.5271,391.86,-589.0,-1051.35,-0.68,7,sector_rotation,2025-07
UNOMINDA,2025-06-19,2025-07-23,1052.33,1052.33,141,148526.91,0.5201,1052.33,0.0,4296.26,2.89,34,stop_loss,2025-06
IDFCFIRSTB,2025-07-15,2025-07-24,74.15,72.69,2065,153272.87,0.5676,71.64,-3014.9,-3468.23,-2.26,9,ema_reversal,2025-07
MASFIN,2025-07-24,2025-07-25,333.63,318.07,457,152621.38,0.6038,318.07,-7110.92,-7554.1,-4.95,1,stop_loss,2025-07
CUB,2025-07-09,2025-07-29,212.99,203.18,726,154785.37,0.5787,202.0,-7122.06,-7571.71,-4.89,20,ema_reversal,2025-07
HINDPETRO,2025-07-16,2025-07-30,418.99,408.91,366,153503.69,0.5364,402.52,-3689.28,-4141.95,-2.7,14,ema_reversal,2025-07
DHANUKA,2025-07-16,2025-07-30,1710.97,1895.39,89,152428.61,0.5324,1710.97,8298.9,13224.45,8.68,14,target_hit_full,2025-07
IIFL,2025-07-28,2025-07-31,502.58,484.32,298,149918.61,0.6379,484.32,-5441.48,-5879.9,-3.92,3,stop_loss,2025-07
SUVEN,2025-07-28,2025-07-31,280.93,262.28,535,150447.85,0.6596,262.28,-9977.75,-10408.69,-6.92,3,stop_loss,2025-07
METROPOLIS,2025-07-17,2025-08-20,493.25,545.22,313,154541.64,0.6148,493.25,8159.29,13074.4,8.46,34,target_hit_full,2025-07
IIFL,2025-08-20,2025-08-26,470.37,444.92,325,153023.12,0.5908,444.92,-8271.25,-8713.32,-5.69,6,stop_loss,2025-08
EVEREADY,2025-08-06,2025-09-03,402.75,460.78,371,149569.67,0.6137,402.75,10793.58,17465.22,11.68,28,target_hit_full,2025-08
LALPATHLAB,2025-08-29,2025-09-09,1642.79,1575.36,91,149643.38,0.5235,1575.36,-6136.13,-6572.34,-4.39,11,stop_loss,2025-08
FORTIS,2025-08-28,2025-09-17,922.5,967.0,163,150517.87,0.5365,922.5,3649.0,6580.95,4.37,20,sector_rotation,2025-08
METROBRAND,2025-09-25,2025-09-29,1260.89,1203.8,121,152720.26,0.5439,1203.8,-6907.89,-7351.78,-4.81,4,stop_loss,2025-09
GALLANTT,2025-09-17,2025-10-08,665.9,651.5,228,151977.03,0.6324,613.55,-3283.2,-3732.11,-2.46,21,ema_reversal,2025-09
JSL,2025-09-04,2025-10-09,767.25,753.07,199,152835.43,0.5332,725.35,-2821.82,-3274.22,-2.14,35,ema_reversal,2025-09
SEQUENT,2025-09-29,2025-10-08,190.43,210.69,797,151924.48,0.5827,190.43,8083.74,12974.51,8.54,9,target_hit_full,2025-09
AXISCADES,2025-09-30,2025-10-14,1689.0,1566.21,88,148780.63,0.6387,1566.21,-10805.52,-11229.8,-7.55,14,stop_loss,2025-09
SUBROS,2025-10-08,2025-10-14,1125.5,1036.36,135,152094.44,0.6058,1036.36,-12033.9,-12465.66,-8.2,6,stop_loss,2025-10
TANLA,2025-10-03,2025-10-17,681.28,681.28,221,150713.44,0.6122,681.28,0.0,5374.34,3.57,14,stop_loss,2025-10
PNB,2025-10-20,2025-10-20,114.3,114.3,1302,148967.42,0.5255,114.3,0.0,2659.1,1.79,0,stop_loss,2025-10
NLCINDIA,2025-10-09,2025-10-24,266.6,259.36,573,152914.56,0.6141,251.75,-4148.52,-4598.51,-3.01,15,ema_reversal,2025-10
POONAWALLA,2025-10-21,2025-10-23,516.0,487.55,289,149273.12,0.6238,487.55,-8222.05,-8652.98,-5.8,2,stop_loss,2025-10
ADANIPOWER,2025-10-30,2025-11-04,163.7,153.76,903,147968.92,0.5949,153.76,-8975.82,-9401.33,-6.35,5,stop_loss,2025-10
HINDCOPPER,2025-11-11,2025-11-11,339.46,339.46,432,146793.37,0.5749,339.46,0.0,4947.1,3.37,0,stop_loss,2025-11
IFBIND,2025-11-04,2025-11-13,1857.7,1735.59,79,146905.06,0.5636,1735.59,-9646.69,-10067.67,-6.85,9,stop_loss,2025-11
STARHEALTH,2025-10-30,2025-11-14,480.7,524.97,307,147722.47,0.5551,480.7,6817.58,10867.22,7.36,15,target_hit_full,2025-10
INTELLECT,2025-11-13,2025-11-18,1148.0,1073.68,127,145941.8,0.5629,1073.68,-9438.64,-9857.15,-6.75,5,stop_loss,2025-11
SEQUENT,2025-11-28,2025-12-04,226.65,210.0,645,146335.44,0.6262,209.84,-10739.25,-11156.34,-7.62,6,ema_reversal,2025-11
GMRAIRPORT,2025-12-05,2025-12-08,102.56,98.68,1399,143624.92,0.572,98.68,-5428.12,-5847.71,-4.07,3,stop_loss,2025-12
BIOCON,2025-11-21,2025-12-10,395.45,383.9,368,145671.13,0.572,378.72,-4250.4,-4678.48,-3.21,19,ema_reversal,2025-11
BPCL,2025-11-25,2025-12-10,349.1,345.31,417,145720.27,0.5578,337.43,-1580.43,-2013.99,-1.38,15,ema_reversal,2025-11
NLCINDIA,2026-01-13,2026-01-27,256.05,247.15,556,142506.16,0.5708,241.65,-4948.4,-5365.59,-3.77,14,ema_reversal,2026-01
KARURVYSYA,2026-01-12,2026-01-27,262.05,287.09,542,142173.13,0.5932,262.05,6785.84,10860.12,7.64,15,target_hit_full,2026-01
UNIONBANK,2026-01-22,2026-02-02,174.65,167.42,809,141433.14,0.5825,167.42,-5849.07,-6261.25,-4.43,11,stop_loss,2026-01
FEDERALBNK,2026-01-19,2026-02-03,271.45,292.01,524,142382.04,0.5395,271.45,5386.72,8534.06,5.99,15,target_hit_full,2026-01
EQUITASBNK,2026-02-03,2026-02-03,71.15,67.54,2010,143154.51,0.5819,67.54,-7256.1,-7670.62,-5.36,0,stop_loss,2026-02
RAIN,2026-02-12,2026-02-19,160.15,146.88,888,142355.41,0.6472,146.88,-11783.76,-12186.83,-8.56,7,stop_loss,2026-02
VIPIND,2026-02-18,2026-02-19,382.0,359.46,368,140716.58,0.5756,359.46,-8294.72,-8699.86,-6.18,1,stop_loss,2026-02
INDUSTOWER,2026-02-26,2026-03-02,462.7,444.3,300,138948.81,0.5418,444.3,-5520.0,-5925.39,-4.26,4,stop_loss,2026-02
SBIN,2026-03-04,2026-03-09,1172.1,1136.88,117,137272.84,0.524,1136.88,-4120.74,-4523.91,-3.3,5,stop_loss,2026-03
YATHARTH,2026-03-04,2026-03-09,669.0,633.64,207,138621.48,0.6133,633.64,-7319.52,-7720.33,-5.57,5,stop_loss,2026-03
PFC,2026-03-06,2026-03-09,410.74,392.38,335,137735.5,0.5262,392.38,-6150.6,-6551.09,-4.76,3,stop_loss,2026-03
BANDHANBNK,2026-03-16,2026-03-16,175.0,166.14,773,135410.28,0.5431,166.14,-6848.78,-7240.91,-5.35,0,stop_loss,2026-03
BHARATFORG,2026-03-19,2026-03-20,1760.2,1718.0,77,135670.94,0.5625,1663.17,-3249.4,-3649.51,-2.69,1,ema_reversal,2026-03
DATAPATTNS,2026-03-18,2026-03-23,3305.0,3043.61,41,135640.5,0.5377,3043.61,-10716.99,-11102.07,-8.18,5,stop_loss,2026-03
