date,rules_only,rules_ml,hybrid
2022-01-03,1000000.0,1000000.0,1000000.0
2022-01-04,1000000.0,1000000.0,1000000.0
2022-01-05,1000000.0,1000000.0,1000000.0
2022-01-06,1000000.0,991507.97,991507.97
2022-01-07,1000000.0,991507.97,991507.97
2022-01-10,1000000.0,991507.97,991507.97
2022-01-11,1000000.0,986521.74,986521.74
2022-01-12,1000000.0,1002534.43,1002534.43
2022-01-13,1000000.0,1002534.43,1002534.43
2022-01-14,1000000.0,1002534.43,1002534.43
2022-01-17,1000000.0,1002534.43,1002534.43
2022-01-18,1000000.0,1018437.48,1018437.48
2022-01-19,1000000.0,1018437.48,1018437.48
2022-01-20,1000000.0,1039666.05,1039666.05
2022-01-21,1000000.0,1032081.95,1032081.95
2022-01-24,1000000.0,1001684.66,1001684.66
2022-01-25,1000000.0,1001684.66,1001684.66
2022-01-26,1000000.0,1001684.66,1001684.66
2022-01-27,1000000.0,1001684.66,1001684.66
2022-01-28,1000000.0,1001684.66,1001684.66
2022-01-31,1000000.0,1001684.66,1001684.66
2022-02-01,1000000.0,1001684.66,1001684.66
2022-02-02,1000000.0,1016122.35,1016122.35
2022-02-03,1000000.0,1033850.12,1033850.12
2022-02-04,1000000.0,1033850.12,1033850.12
2022-02-07,1000000.0,1052892.2899999998,1052892.2899999998
2022-02-08,1000000.0,1052892.2899999998,1052892.2899999998
2022-02-09,1000000.0,1052892.2899999998,1052892.2899999998
2022-02-10,1000000.0,1052892.2899999998,1052892.2899999998
2022-02-11,1000000.0,1052892.2899999998,1052892.2899999998
2022-02-14,1000000.0,1028790.2799999998,1028790.2799999998
2022-02-15,1000000.0,1004040.4499999998,1004040.4499999998
2022-02-16,1000000.0,1004040.4499999998,1004040.4499999998
2022-02-17,1000000.0,1004040.4499999998,1004040.4499999998
2022-02-18,1000000.0,1004040.4499999998,1004040.4499999998
2022-02-21,1000000.0,1004040.4499999998,1004040.4499999998
2022-02-22,1000000.0,1004040.4499999998,1004040.4499999998
2022-02-23,1000000.0,1004040.4499999998,1004040.4499999998
2022-02-24,1000000.0,1004040.4499999998,1004040.4499999998
2022-02-25,1000000.0,1004040.4499999998,1004040.4499999998
2022-02-28,1000000.0,1004040.4499999998,1004040.4499999998
2022-03-01,1000000.0,1004040.4499999998,1004040.4499999998
2022-03-02,1000000.0,1004040.4499999998,1004040.4499999998
2022-03-03,1000000.0,1004040.4499999998,1004040.4499999998
2022-03-04,1000000.0,1004040.4499999998,1004040.4499999998
2022-03-07,999515.70837,1004040.4499999998,1004040.4499999998
2022-03-08,998411.46837,1004040.4499999998,1004040.4499999998
2022-03-09,999724.35837,1004040.4499999998,1004040.4499999998
2022-03-10,1000088.15837,1004040.4499999998,1004040.4499999998
2022-03-11,1004051.43837,1004040.4499999998,1004040.4499999998
2022-03-14,1005582.60837,1004040.4499999998,1004040.4499999998
2022-03-15,1001900.73837,1004040.4499999998,1004040.4499999998
2022-03-16,1003858.83837,1004040.4499999998,1004040.4499999998
2022-03-17,1003217.90837,1004040.4499999998,1004040.4499999998
2022-03-18,1000000.0,1004040.4499999998,1004040.4499999998
2022-03-21,1005322.59837,1004040.4499999998,1004040.4499999998
2022-03-22,1004473.01837,1004040.4499999998,1004040.4499999998
2022-03-23,1004790.80837,1004040.4499999998,1004040.4499999998
2022-03-24,1004327.49837,1004040.4499999998,1004040.4499999998
2022-03-25,1003135.51837,1004040.4499999998,1004040.4499999998
2022-03-28,1003197.57837,1004040.4499999998,1004040.4499999998
2022-03-29,1002421.82837,1004040.4499999998,1004040.4499999998
2022-03-30,1003411.57837,1004040.4499999998,1004040.4499999998
2022-03-31,1004265.43837,1004040.4499999998,1004040.4499999998
2022-04-01,1003582.77837,1004040.4499999998,1004040.4499999998
2022-04-04,1005900.39837,1004040.4499999998,1004040.4499999998
2022-04-05,1005676.76837,1004040.4499999998,1004040.4499999998
2022-04-06,1006567.00837,1004040.4499999998,1004040.4499999998
2022-04-07,1007009.98837,1004040.4499999998,1004040.4499999998
2022-04-08,1006519.92837,1004040.4499999998,1004040.4499999998
2022-04-11,1007135.17837,1004040.4499999998,1004040.4499999998
2022-04-12,1005406.05837,1004040.4499999998,1004040.4499999998
2022-04-13,1003593.47837,1004040.4499999998,1004040.4499999998
2022-04-14,1000000.0,1004040.4499999998,1004040.4499999998
2022-04-15,1000000.0,1004040.4499999998,1004040.4499999998
2022-04-18,1004458.03837,994840.1599999998,994840.1599999998
2022-04-19,1003786.07837,989686.2299999996,989686.2299999996
2022-04-20,1003640.55837,989686.2299999996,989686.2299999996
2022-04-21,1005025.13837,979226.5299999998,979226.5299999998
2022-04-22,1004960.49737,979226.5299999998,979226.5299999998
2022-04-25,1000443.39477,960243.9199999998,960243.9199999998
2022-04-26,1000929.36737,960243.9199999998,960243.9199999998
2022-04-27,1000929.36737,960243.9199999998,960243.9199999998
2022-04-28,1000929.36737,960243.9199999998,960243.9199999998
2022-04-29,1000929.36737,955067.8899999998,955067.8899999998
2022-05-02,1000697.40268,955067.8899999998,955067.8899999998
2022-05-03,1000000.0,955067.8899999998,955067.8899999998
2022-05-04,999305.74268,961424.2199999996,961424.2199999996
2022-05-05,998137.58268,961424.2199999996,961424.2199999996
2022-05-06,997413.71386,961424.2199999996,961424.2199999996
2022-05-09,997413.71386,951316.0699999996,951316.0699999996
2022-05-10,997413.71386,937971.4999999998,937971.4999999998
2022-05-11,997413.71386,926015.1399999998,926015.1399999998
2022-05-12,997413.71386,926015.1399999998,926015.1399999998
2022-05-13,997413.71386,926015.1399999998,926015.1399999998
2022-05-16,997413.71386,926015.1399999998,926015.1399999998
2022-05-17,997413.71386,926015.1399999998,926015.1399999998
2022-05-18,1002421.94568,926015.1399999998,926015.1399999998
2022-05-19,1001071.71768,926015.1399999998,926015.1399999998
2022-05-20,1002461.9642399998,926015.1399999998,926015.1399999998
2022-05-23,998318.25564,926015.1399999998,926015.1399999998
2022-05-24,996072.4411399998,926015.1399999998,926015.1399999998
2022-05-25,991799.7311399998,926015.1399999998,926015.1399999998
2022-05-26,993917.15114,926015.1399999998,926015.1399999998
2022-05-27,993106.2011399998,926015.1399999998,926015.1399999998
2022-05-30,997492.58114,926015.1399999998,926015.1399999998
2022-05-31,996474.36434,926015.1399999998,926015.1399999998
2022-06-01,998686.53434,926015.1399999998,926015.1399999998
2022-06-02,999187.8243399998,926015.1399999998,926015.1399999998
2022-06-03,998043.2243399998,926015.1399999998,926015.1399999998
2022-06-06,997272.0743399998,926015.1399999998,926015.1399999998
2022-06-07,995574.3443399998,926015.1399999998,926015.1399999998
2022-06-08,994806.5543399998,926015.1399999998,926015.1399999998
2022-06-09,995475.21434,926015.1399999998,926015.1399999998
2022-06-10,993586.3800399998,926015.1399999998,926015.1399999998
2022-06-13,991978.1800399998,926015.1399999998,926015.1399999998
2022-06-14,993763.67452,926015.1399999998,926015.1399999998
2022-06-15,994142.7345199998,926015.1399999998,926015.1399999998
2022-06-16,993610.1145199998,926015.1399999998,926015.1399999998
2022-06-17,993012.15452,926015.1399999998,926015.1399999998
2022-06-20,992428.0545199998,926015.1399999998,926015.1399999998
2022-06-21,991986.7345199998,926015.1399999998,926015.1399999998
2022-06-22,991648.6147599998,926015.1399999998,926015.1399999998
2022-06-23,991648.6147599998,926015.1399999998,926015.1399999998
2022-06-24,991648.6147599998,926015.1399999998,926015.1399999998
2022-06-27,991648.6147599998,926015.1399999998,926015.1399999998
2022-06-28,991648.6147599998,926015.1399999998,926015.1399999998
2022-06-29,991648.6147599998,926015.1399999998,926015.1399999998
2022-06-30,991648.6147599998,926015.1399999998,926015.1399999998
2022-07-01,991648.6147599998,926015.1399999998,926015.1399999998
2022-07-04,991648.6147599998,926015.1399999998,926015.1399999998
2022-07-05,991648.6147599998,926015.1399999998,926015.1399999998
2022-07-06,991648.6147599998,926015.1399999998,926015.1399999998
2022-07-07,991648.6147599998,926015.1399999998,926015.1399999998
2022-07-08,991648.6147599998,926015.1399999998,926015.1399999998
2022-07-11,991648.6147599998,926015.1399999998,926015.1399999998
2022-07-12,991648.6147599998,926015.1399999998,926015.1399999998
2022-07-13,992127.0012399998,926015.1399999998,926015.1399999998
2022-07-14,992169.1212399998,926015.1399999998,926015.1399999998
2022-07-15,991910.4212399998,926015.1399999998,926015.1399999998
2022-07-18,991921.4509599998,926015.1399999998,926015.1399999998
2022-07-19,992760.0809599998,926015.1399999998,926015.1399999998
2022-07-20,992735.51096,926015.1399999998,926015.1399999998
2022-07-21,993179.9809599998,926015.1399999998,926015.1399999998
2022-07-22,991985.5409599998,926015.1399999998,926015.1399999998
2022-07-25,990704.3956399998,926015.1399999998,926015.1399999998
2022-07-26,990783.9556399998,918270.9299999998,918270.9299999998
2022-07-27,990580.3756399998,918270.9299999998,918270.9299999998
2022-07-28,990511.73564,918270.9299999998,918270.9299999998
2022-07-29,990581.4286399998,918270.9299999998,918270.9299999998
2022-08-01,992712.5186399998,918270.9299999998,918270.9299999998
2022-08-02,993497.71864,918270.9299999998,918270.9299999998
2022-08-03,993390.3386399996,918270.9299999998,918270.9299999998
2022-08-04,992883.4686399996,918270.9299999998,918270.9299999998
2022-08-05,991804.20864,924849.3299999998,924849.3299999998
2022-08-08,991345.5686399998,924849.3299999998,924849.3299999998
2022-08-09,1000000.0,924849.3299999998,924849.3299999998
2022-08-10,991375.4686399996,924849.3299999998,924849.3299999998
2022-08-11,991481.0286399998,924849.3299999998,924849.3299999998
2022-08-12,991761.1786399998,941094.75,941094.75
2022-08-15,1000000.0,941094.75,941094.75
2022-08-16,991272.3786399998,950241.9599999998,950241.9599999998
2022-08-17,991353.8886399998,950241.9599999998,950241.9599999998
2022-08-18,990844.9386399998,950241.9599999998,950241.9599999998
2022-08-19,992337.5986399996,968233.13,968233.13
2022-08-22,992309.2586399998,968233.13,968233.13
2022-08-23,992646.3486399996,968233.13,968233.13
2022-08-24,993801.3986399998,968233.13,968233.13
2022-08-25,995205.0086399998,977739.14,977739.14
2022-08-26,997427.0223399998,995454.34,995454.34
2022-08-29,999891.3723399998,982258.09,982258.09
2022-08-30,1000464.1823399998,996546.61,996546.61
2022-08-31,1000000.0,996546.61,996546.61
2022-09-01,999155.6823399998,1015546.48,1015546.48
2022-09-02,999127.2523399998,1029392.2999999998,1029392.2999999998
2022-09-05,999681.2123399996,1020637.9099999998,1020637.9099999998
2022-09-06,1000320.4823399998,1020637.9099999998,1020637.9099999998
2022-09-07,1001727.6323399998,1020637.9099999998,1020637.9099999998
2022-09-08,1003998.8223399996,1020637.9099999998,1020637.9099999998
2022-09-09,1004355.0223399998,1037371.1099999998,1037371.1099999998
2022-09-12,1004324.3723399998,1037371.1099999998,1037371.1099999998
2022-09-13,1006053.4623399996,1038935.6199999998,1038935.6199999998
2022-09-14,1004026.5623399996,1038935.6199999998,1038935.6199999998
2022-09-15,1001429.8023399996,1038935.6199999998,1038935.6199999998
2022-09-16,998182.0423399996,1059163.4299999997,1059163.4299999997
2022-09-19,999891.5135199998,1059163.4299999997,1059163.4299999997
2022-09-20,1002736.31352,1054642.2399999998,1054642.2399999998
2022-09-21,1004621.4535199996,1072009.0399999998,1072009.0399999998
2022-09-22,1003543.5335199998,1072009.0399999998,1072009.0399999998
2022-09-23,1001998.1935199996,1065971.5599999998,1065971.5599999998
2022-09-26,998606.19352,1033593.1399999998,1033593.1399999998
2022-09-27,997727.07352,1033593.1399999998,1033593.1399999998
2022-09-28,997696.7932399998,1026067.2499999998,1026067.2499999998
2022-09-29,998977.0332399998,1026067.2499999998,1026067.2499999998
2022-09-30,998372.1515399998,1026067.2499999998,1026067.2499999998
2022-10-03,995021.4996499995,1026067.2499999998,1026067.2499999998
2022-10-04,1000699.4396499996,1026067.2499999998,1026067.2499999998
2022-10-05,1000000.0,1026067.2499999998,1026067.2499999998
2022-10-06,1003370.0020699996,1037065.2199999996,1037065.2199999996
2022-10-07,1008061.0520699996,1057033.5199999998,1057033.5199999998
2022-10-10,1004433.5207599998,1057033.5199999998,1057033.5199999998
2022-10-11,995218.5449599996,1057033.5199999998,1057033.5199999998
2022-10-12,997425.6632199998,1067124.5099999998,1067124.5099999998
2022-10-13,991983.6002699998,1061385.7299999995,1061385.7299999995
2022-10-14,990576.3151499996,1061385.7299999995,1061385.7299999995
2022-10-17,993798.6551499997,1064180.6499999997,1064180.6499999997
2022-10-18,1002596.7223799996,1064180.6499999997,1064180.6499999997
2022-10-19,998301.0123799996,1064180.6499999997,1064180.6499999997
2022-10-20,998482.3499399996,1077461.6599999997,1077461.6599999997
2022-10-21,992744.4568399996,1077461.6599999997,1077461.6599999997
2022-10-24,999043.2568399996,1077461.6599999997,1077461.6599999997
2022-10-25,999833.4980099996,1077461.6599999997,1077461.6599999997
2022-10-26,1000000.0,1077461.6599999997,1077461.6599999997
2022-10-27,1001308.6380099996,1067827.9699999995,1067827.9699999995
2022-10-28,999804.6457099996,1067827.9699999995,1067827.9699999995
2022-10-31,1002105.4112299996,1067827.9699999995,1067827.9699999995
2022-11-01,1003791.9510299996,1067827.9699999995,1067827.9699999995
2022-11-02,1004248.9210299996,1100114.8499999996,1100114.8499999996
2022-11-03,1008045.5110299996,1100114.8499999996,1100114.8499999996
2022-11-04,1009195.5210299996,1116539.1999999995,1116539.1999999995
2022-11-07,1012884.5705899996,1134557.0899999996,1134557.0899999996
2022-11-08,1000000.0,1134557.0899999996,1134557.0899999996
2022-11-09,1017770.3405899996,1155357.6999999995,1155357.6999999995
2022-11-10,1019925.6405899996,1148404.8599999996,1148404.8599999996
2022-11-11,1012945.0999099996,1148404.8599999996,1148404.8599999996
2022-11-14,1007731.8899099996,1148404.8599999996,1148404.8599999996
2022-11-15,1007192.1019099996,1148404.8599999996,1148404.8599999996
2022-11-16,1003087.7619099997,1138450.5899999996,1138450.5899999996
2022-11-17,1002243.6082299995,1138450.5899999996,1138450.5899999996
2022-11-18,999234.0282299996,1120906.7199999995,1120906.7199999995
2022-11-21,1000795.4582299996,1120906.7199999995,1120906.7199999995
2022-11-22,1005766.6810099996,1120906.7199999995,1120906.7199999995
2022-11-23,1006803.0610099996,1108507.1599999997,1108507.1599999997
2022-11-24,1006859.9565699996,1108507.1599999997,1108507.1599999997
2022-11-25,1018023.4465699994,1128953.7399999995,1128953.7399999995
2022-11-28,1024484.0165699996,1128953.7399999995,1128953.7399999995
2022-11-29,1022154.7065699996,1125660.9699999995,1125660.9699999995
2022-11-30,1024050.2265699996,1125660.9699999995,1125660.9699999995
2022-12-01,1029116.3665699996,1131192.4499999995,1131192.4499999995
2022-12-02,1037097.3665699996,1131192.4499999995,1131192.4499999995
2022-12-05,1035897.3865699996,1131192.4499999995,1131192.4499999995
2022-12-06,1036093.0365699996,1154970.5699999996,1154970.5699999996
2022-12-07,1032556.6365699996,1154970.5699999996,1154970.5699999996
2022-12-08,1036321.7265699996,1153959.0899999996,1153959.0899999996
2022-12-09,1029992.5265699996,1153959.0899999996,1153959.0899999996
2022-12-12,1031478.7665699996,1153959.0899999996,1153959.0899999996
2022-12-13,1036546.1965699994,1153959.0899999996,1153959.0899999996
2022-12-14,1038678.8265699996,1170540.7399999995,1170540.7399999995
2022-12-15,1035568.2065699996,1170540.7399999995,1170540.7399999995
2022-12-16,1028561.3372099996,1170540.7399999995,1170540.7399999995
2022-12-19,1028397.5272099996,1170540.7399999995,1170540.7399999995
2022-12-20,1026519.7172099996,1173896.7299999995,1173896.7299999995
2022-12-21,1016558.3172099995,1173896.7299999995,1173896.7299999995
2022-12-22,1006129.7540099996,1135141.8599999994,1135141.8599999994
2022-12-23,993907.7703299996,1121832.8299999994,1121832.8299999994
2022-12-26,993907.7703299996,1121832.8299999994,1121832.8299999994
2022-12-27,993585.7771799996,1121832.8299999994,1121832.8299999994
2022-12-28,997488.2192099995,1118158.9699999993,1118158.9699999993
2022-12-29,996686.5537099997,1148424.2299999993,1148424.2299999993
2022-12-30,997435.3102299996,1148424.2299999993,1148424.2299999993
2023-01-02,999818.0417499996,1148424.2299999993,1148424.2299999993
2023-01-03,998073.40599,1148424.2299999993,1148424.2299999993
2023-01-04,985499.8419799996,1148424.2299999993,1148424.2299999993
2023-01-05,986957.5019799996,1148424.2299999993,1148424.2299999993
2023-01-06,986866.6303199998,1148424.2299999993,1148424.2299999993
2023-01-09,989022.1965199998,1148424.2299999993,1148424.2299999993
2023-01-10,980880.3658799996,1148424.2299999993,1148424.2299999993
2023-01-11,984900.2158799998,1148424.2299999993,1148424.2299999993
2023-01-12,980004.3136999996,1148424.2299999993,1148424.2299999993
2023-01-13,981717.5466799996,1148424.2299999993,1148424.2299999993
2023-01-16,980925.3266799996,1148424.2299999993,1148424.2299999993
2023-01-17,974759.3234899996,1148424.2299999993,1148424.2299999993
2023-01-18,974973.3634899996,1148424.2299999993,1148424.2299999993
2023-01-19,972824.8066199996,1148424.2299999993,1148424.2299999993
2023-01-20,970480.7766199996,1148424.2299999993,1148424.2299999993
2023-01-23,970698.9221199998,1144010.8399999994,1144010.8399999994
2023-01-24,967609.6528999996,1144010.8399999994,1144010.8399999994
2023-01-25,962749.0508599996,1125347.7299999993,1125347.7299999993
2023-01-26,1000000.0,1125347.7299999993,1125347.7299999993
2023-01-27,959970.7174999998,1106168.029999999,1106168.029999999
2023-01-30,960221.0574999998,1106168.029999999,1106168.029999999
2023-01-31,960500.3574999998,1106168.029999999,1106168.029999999
2023-02-01,958321.6316999996,1106168.029999999,1106168.029999999
2023-02-02,957544.7516999998,1106168.029999999,1106168.029999999
2023-02-03,957417.4778399996,1106168.029999999,1106168.029999999
2023-02-06,957417.4778399996,1106168.029999999,1106168.029999999
2023-02-07,957417.4778399996,1106168.029999999,1106168.029999999
2023-02-08,957417.4778399996,1106168.029999999,1106168.029999999
2023-02-09,958601.8649199996,1106168.029999999,1106168.029999999
2023-02-10,958256.9608699996,1106168.029999999,1106168.029999999
2023-02-13,959698.4508699996,1106168.029999999,1106168.029999999
2023-02-14,958747.6908699996,1106168.029999999,1106168.029999999
2023-02-15,959199.8408699996,1106168.029999999,1106168.029999999
2023-02-16,959640.1408699998,1106168.029999999,1106168.029999999
2023-02-17,959444.7208699996,1106168.029999999,1106168.029999999
2023-02-20,959785.8808699998,1106168.029999999,1106168.029999999
2023-02-21,959799.3208699996,1127461.769999999,1127461.769999999
2023-02-22,959208.3808699998,1127461.769999999,1127461.769999999
2023-02-23,958849.4308699996,1127461.769999999,1127461.769999999
2023-02-24,958387.7708699995,1127461.769999999,1127461.769999999
2023-02-27,957650.3408699996,1127461.769999999,1127461.769999999
2023-02-28,957994.3989699996,1127461.769999999,1127461.769999999
2023-03-01,959519.8589699996,1127461.769999999,1127461.769999999
2023-03-02,959462.8989699996,1127461.769999999,1127461.769999999
2023-03-03,960036.0589699998,1127461.769999999,1127461.769999999
2023-03-06,959774.3989699996,1127461.769999999,1127461.769999999
2023-03-07,1000000.0,1127461.769999999,1127461.769999999
2023-03-08,959737.0189699996,1127461.769999999,1127461.769999999
2023-03-09,959585.7189699998,1127461.769999999,1127461.769999999
2023-03-10,959904.2130899996,1127461.769999999,1127461.769999999
2023-03-13,957792.0130899998,1127461.769999999,1127461.769999999
2023-03-14,955003.9878899998,1120107.3199999994,1120107.3199999994
2023-03-15,956175.2278899996,1120107.3199999994,1120107.3199999994
2023-03-16,954777.9278899996,1120107.3199999994,1120107.3199999994
2023-03-17,955133.9278899996,1120107.3199999994,1120107.3199999994
2023-03-20,954665.7878899998,1120107.3199999994,1120107.3199999994
2023-03-21,955608.29389,1120107.3199999994,1120107.3199999994
2023-03-22,957076.0738899998,1120107.3199999994,1120107.3199999994
2023-03-23,957745.7338899998,1120107.3199999994,1120107.3199999994
2023-03-24,956469.8538899998,1120107.3199999994,1120107.3199999994
2023-03-27,956164.79389,1120107.3199999994,1120107.3199999994
2023-03-28,955004.1738899996,1120107.3199999994,1120107.3199999994
2023-03-29,955287.55389,1120107.3199999994,1120107.3199999994
2023-03-30,1000000.0,1120107.3199999994,1120107.3199999994
2023-03-31,958213.8554199998,1120107.3199999994,1120107.3199999994
2023-04-03,959438.0254199998,1120107.3199999994,1120107.3199999994
2023-04-04,1000000.0,1120107.3199999994,1120107.3199999994
2023-04-05,960908.45479,1120107.3199999994,1120107.3199999994
2023-04-06,957873.1947899996,1120107.3199999994,1120107.3199999994
2023-04-07,1000000.0,1120107.3199999994,1120107.3199999994
2023-04-10,960459.6747899998,1120107.3199999994,1120107.3199999994
2023-04-11,961436.7700899998,1120107.3199999994,1120107.3199999994
2023-04-12,961252.6000899998,1120107.3199999994,1120107.3199999994
2023-04-13,960933.0407599998,1120107.3199999994,1120107.3199999994
2023-04-14,1000000.0,1120107.3199999994,1120107.3199999994
2023-04-17,961751.4830999998,1120107.3199999994,1120107.3199999994
2023-04-18,956966.7830999998,1120107.3199999994,1120107.3199999994
2023-04-19,957332.78653,1120107.3199999994,1120107.3199999994
2023-04-20,956262.1865299998,1120107.3199999994,1120107.3199999994
2023-04-21,955285.46653,1120107.3199999994,1120107.3199999994
2023-04-24,958456.5565299998,1120107.3199999994,1120107.3199999994
2023-04-25,957681.6365299998,1120107.3199999994,1120107.3199999994
2023-04-26,958560.58365,1114800.1099999994,1114800.1099999994
2023-04-27,959939.17365,1114800.1099999994,1114800.1099999994
2023-04-28,962750.76365,1114800.1099999994,1114800.1099999994
2023-05-01,1000000.0,1114800.1099999994,1114800.1099999994
2023-05-02,959833.7236499998,1114800.1099999994,1114800.1099999994
2023-05-03,961054.78365,1114800.1099999994,1114800.1099999994
2023-05-04,960716.83365,1147493.5699999994,1147493.5699999994
2023-05-05,960373.89365,1147493.5699999994,1147493.5699999994
2023-05-08,961702.2178099998,1176841.8299999994,1176841.8299999994
2023-05-09,963867.65781,1176841.8299999994,1176841.8299999994
2023-05-10,969377.90781,1166588.019999999,1166588.019999999
2023-05-11,969234.6778099998,1166588.019999999,1166588.019999999
2023-05-12,969427.9578099998,1166588.019999999,1166588.019999999
2023-05-15,969696.79781,1170778.4299999992,1170778.4299999992
2023-05-16,969381.66781,1170778.4299999992,1170778.4299999992
2023-05-17,971965.9678099998,1193768.6599999992,1193768.6599999992
2023-05-18,971765.86781,1193768.6599999992,1193768.6599999992
2023-05-19,971761.12781,1179232.5599999991,1179232.5599999991
2023-05-22,971731.29781,1170316.739999999,1170316.739999999
2023-05-23,969453.01781,1170316.739999999,1170316.739999999
2023-05-24,971031.9778099998,1170316.739999999,1170316.739999999
2023-05-25,972345.18028,1186031.919999999,1186031.919999999
2023-05-26,976100.75297,1186031.919999999,1186031.919999999
2023-05-29,976328.17273,1177356.459999999,1177356.459999999
2023-05-30,974152.1414099998,1190846.639999999,1190846.639999999
2023-05-31,980062.13141,1179872.429999999,1179872.429999999
2023-06-01,982882.8814099998,1179872.429999999,1179872.429999999
2023-06-02,981012.02397,1179872.429999999,1179872.429999999
2023-06-05,983846.73397,1179872.429999999,1179872.429999999
2023-06-06,985095.59397,1179872.429999999,1179872.429999999
2023-06-07,994338.81898,1179872.429999999,1179872.429999999
2023-06-08,989602.0601,1179872.429999999,1179872.429999999
2023-06-09,989583.84178,1179872.429999999,1179872.429999999
2023-06-12,989150.47178,1179872.429999999,1179872.429999999
2023-06-13,994433.83178,1179872.429999999,1179872.429999999
2023-06-14,998667.49082,1179872.429999999,1179872.429999999
2023-06-15,1001818.38082,1179872.429999999,1179872.429999999
2023-06-16,1004440.7408199998,1200325.849999999,1200325.849999999
2023-06-19,1005732.53688,1221866.379999999,1221866.379999999
2023-06-20,1014319.41688,1221866.379999999,1221866.379999999
2023-06-21,1011981.12688,1248870.909999999,1248870.909999999
2023-06-22,1006689.19034,1248870.909999999,1248870.909999999
2023-06-23,999297.55334,1214691.939999999,1214691.939999999
2023-06-26,1006885.92334,1217202.639999999,1217202.639999999
2023-06-27,1010363.83334,1217202.639999999,1217202.639999999
2023-06-28,1018486.65334,1217202.639999999,1217202.639999999
2023-06-29,1000000.0,1217202.639999999,1217202.639999999
2023-06-30,1025633.32726,1217202.639999999,1217202.639999999
2023-07-03,1026142.3592599998,1217202.639999999,1217202.639999999
2023-07-04,1029385.94926,1217202.639999999,1217202.639999999
2023-07-05,1034225.11805,1217202.639999999,1217202.639999999
2023-07-06,1025118.29215,1236286.759999999,1236286.759999999
2023-07-07,1024637.0121499998,1236286.759999999,1236286.759999999
2023-07-10,1027504.31215,1237730.0599999991,1237730.0599999991
2023-07-11,1031130.41215,1237476.209999999,1237476.209999999
2023-07-12,1036724.2521499998,1237476.209999999,1237476.209999999
2023-07-13,1029143.51238,1226407.089999999,1226407.089999999
2023-07-14,1037005.46741,1226407.089999999,1226407.089999999
2023-07-17,1042075.12006,1226407.089999999,1226407.089999999
2023-07-18,1029161.17006,1226407.089999999,1226407.089999999
2023-07-19,1030161.18734,1226407.089999999,1226407.089999999
2023-07-20,1030761.08734,1226407.089999999,1226407.089999999
2023-07-21,1031281.61368,1226407.089999999,1226407.089999999
2023-07-24,1026135.9271,1226407.089999999,1226407.089999999
2023-07-25,1033820.92336,1226407.089999999,1226407.089999999
2023-07-26,1031998.2543800002,1226407.089999999,1226407.089999999
2023-07-27,1041152.54438,1228763.159999999,1228763.159999999
2023-07-28,1043719.37438,1245124.7899999989,1245124.7899999989
2023-07-31,1046564.6787,1261017.5199999989,1261017.5199999989
2023-08-01,1050364.0487000002,1261017.5199999989,1261017.5199999989
2023-08-02,1041449.2987,1246916.569999999,1246916.569999999
2023-08-03,1042198.4418,1246916.569999999,1246916.569999999
2023-08-04,1046018.2918,1261196.2599999988,1261196.2599999988
2023-08-07,1053335.94644,1235699.6899999988,1235699.6899999988
2023-08-08,1059133.96644,1235699.6899999988,1235699.6899999988
2023-08-09,1058261.4364,1260899.9399999988,1260899.9399999988
2023-08-10,1058381.2654,1260899.9399999988,1260899.9399999988
2023-08-11,1053766.54732,1260899.9399999988,1260899.9399999988
2023-08-14,1048024.8869200002,1248458.1799999988,1248458.1799999988
2023-08-15,1000000.0,1248458.1799999988,1248458.1799999988
2023-08-16,1045769.73588,1248458.1799999988,1248458.1799999988
2023-08-17,1046133.37552,1248458.1799999988,1248458.1799999988
2023-08-18,1045006.4255200002,1248458.1799999988,1248458.1799999988
2023-08-21,1047441.26016,1247272.5899999987,1247272.5899999987
2023-08-22,1051990.5522600005,1247272.5899999987,1247272.5899999987
2023-08-23,1063648.76226,1247272.5899999987,1247272.5899999987
2023-08-24,1060502.1890600002,1247272.5899999987,1247272.5899999987
2023-08-25,1056998.02954,1266510.3499999987,1266510.3499999987
2023-08-28,1057935.7019600002,1266510.3499999987,1266510.3499999987
2023-08-29,1061926.32196,1266510.3499999987,1266510.3499999987
2023-08-30,1065452.9171600002,1266160.5899999987,1266160.5899999987
2023-08-31,1073553.3875600002,1250828.4499999988,1250828.4499999988
2023-09-01,1080365.79324,1242354.1899999988,1242354.1899999988
2023-09-04,1086564.9977400005,1279935.6199999987,1279935.6199999987
2023-09-05,1095347.5946700005,1279935.6199999987,1279935.6199999987
2023-09-06,1089119.2246700004,1279935.6199999987,1279935.6199999987
2023-09-07,1100295.1543500002,1282896.6899999988,1282896.6899999988
2023-09-08,1102016.0043500003,1325309.7099999988,1325309.7099999988
2023-09-11,1108434.9043500002,1337660.3399999987,1337660.3399999987
2023-09-12,1066405.75123,1302041.0899999987,1302041.0899999987
2023-09-13,1075613.4612300002,1274531.4899999986,1274531.4899999986
2023-09-14,1086995.1012300004,1274531.4899999986,1274531.4899999986
2023-09-15,1088274.1583,1295153.6899999983,1295153.6899999983
2023-09-18,1089041.7847000004,1295153.6899999983,1295153.6899999983
2023-09-19,1000000.0,1295153.6899999983,1295153.6899999983
2023-09-20,1092922.7995,1295153.6899999983,1295153.6899999983
2023-09-21,1077290.3765000002,1295153.6899999983,1295153.6899999983
2023-09-22,1096670.06242,1295153.6899999983,1295153.6899999983
2023-09-25,1093833.4945800002,1295153.6899999983,1295153.6899999983
2023-09-26,1101082.5245800002,1299372.0899999985,1299372.0899999985
2023-09-27,1101758.14458,1299372.0899999985,1299372.0899999985
2023-09-28,1100947.92458,1291276.4199999983,1291276.4199999983
2023-09-29,1111522.4239400004,1291276.4199999983,1291276.4199999983
2023-10-02,1000000.0,1291276.4199999983,1291276.4199999983
2023-10-03,1116576.6977000004,1323490.2699999986,1323490.2699999986
2023-10-04,1107812.6677000003,1323490.2699999986,1323490.2699999986
2023-10-05,1104456.9677000002,1322336.1899999983,1322336.1899999983
2023-10-06,1113936.5977,1325996.6299999985,1325996.6299999985
2023-10-09,1095692.4130400002,1304512.8499999985,1304512.8499999985
2023-10-10,1100907.8965400003,1304512.8499999985,1304512.8499999985
2023-10-11,1103431.5384400005,1304512.8499999985,1304512.8499999985
2023-10-12,1113484.10844,1304512.8499999985,1304512.8499999985
2023-10-13,1111262.2737400003,1304512.8499999985,1304512.8499999985
2023-10-16,1106981.1037400004,1304512.8499999985,1304512.8499999985
2023-10-17,1107628.8637400002,1304512.8499999985,1304512.8499999985
2023-10-18,1088946.3392600005,1304512.8499999985,1304512.8499999985
2023-10-19,1083067.4443000006,1304512.8499999985,1304512.8499999985
2023-10-20,1073624.6118800002,1310816.4899999984,1310816.4899999984
2023-10-23,1053160.0743000002,1253233.5999999985,1253233.5999999985
2023-10-24,1000000.0,1253233.5999999985,1253233.5999999985
2023-10-25,1052419.6382400002,1242583.4499999986,1242583.4499999986
2023-10-26,1052853.2382400003,1224260.2999999986,1224260.2999999986
2023-10-27,1053138.7182400003,1224260.2999999986,1224260.2999999986
2023-10-30,1054710.8632800002,1224260.2999999986,1224260.2999999986
2023-10-31,1052230.6305300002,1224260.2999999986,1224260.2999999986
2023-11-01,1052095.7005300005,1224260.2999999986,1224260.2999999986
2023-11-02,1052067.1594500002,1224260.2999999986,1224260.2999999986
2023-11-03,1050082.2076,1224260.2999999986,1224260.2999999986
2023-11-06,1053139.41115,1224260.2999999986,1224260.2999999986
2023-11-07,1053430.09343,1224260.2999999986,1224260.2999999986
2023-11-08,1053212.5734300003,1224260.2999999986,1224260.2999999986
2023-11-09,1053486.2384300004,1224260.2999999986,1224260.2999999986
2023-11-10,1052174.76974,1200275.5199999986,1200275.5199999986
2023-11-13,1061408.9797400003,1200275.5199999986,1200275.5199999986
2023-11-14,1000000.0,1200275.5199999986,1200275.5199999986
2023-11-15,1066540.1297400002,1200275.5199999986,1200275.5199999986
2023-11-16,1066585.3897400002,1200275.5199999986,1200275.5199999986
2023-11-17,1062965.3499000005,1200275.5199999986,1200275.5199999986
2023-11-20,1063521.3799000003,1200275.5199999986,1200275.5199999986
2023-11-21,1066240.6699,1200275.5199999986,1200275.5199999986
2023-11-22,1062725.6099000005,1200275.5199999986,1200275.5199999986
2023-11-23,1061600.1479800004,1213762.2199999986,1213762.2199999986
2023-11-24,1068058.56346,1213762.2199999986,1213762.2199999986
2023-11-27,1000000.0,1213762.2199999986,1213762.2199999986
2023-11-28,1070891.78346,1228314.309999999,1228314.309999999
2023-11-29,1066833.28346,1246710.7099999986,1246710.7099999986
2023-11-30,1075717.9575800002,1255177.4599999986,1255177.4599999986
2023-12-01,1073742.85758,1255177.4599999986,1255177.4599999986
2023-12-04,1075923.43758,1284235.1699999983,1284235.1699999983
2023-12-05,1071314.11032,1284235.1699999983,1284235.1699999983
2023-12-06,1069697.6003200002,1284235.1699999983,1284235.1699999983
2023-12-07,1069554.44968,1284235.1699999983,1284235.1699999983
2023-12-08,1068712.12818,1307650.7099999986,1307650.7099999986
2023-12-11,1071022.48818,1307650.7099999986,1307650.7099999986
2023-12-12,1070586.47818,1327331.7199999986,1327331.7199999986
2023-12-13,1070284.45818,1317134.6399999985,1317134.6399999985
2023-12-14,1078007.35818,1317134.6399999985,1317134.6399999985
2023-12-15,1075966.20818,1317134.6399999985,1317134.6399999985
2023-12-18,1081569.47818,1337845.1499999985,1337845.1499999985
2023-12-19,1081356.75158,1337845.1499999985,1337845.1499999985
2023-12-20,1067390.38158,1322519.7499999986,1322519.7499999986
2023-12-21,1072469.21158,1322519.7499999986,1322519.7499999986
2023-12-22,1075889.09158,1322519.7499999986,1322519.7499999986
2023-12-25,1000000.0,1322519.7499999986,1322519.7499999986
2023-12-26,1079826.87158,1322519.7499999986,1322519.7499999986
2023-12-27,1080899.14158,1322519.7499999986,1322519.7499999986
2023-12-28,1082739.15158,1322519.7499999986,1322519.7499999986
2023-12-29,1085610.6902,1322111.3399999987,1322111.3399999987
2024-01-01,1090501.7802,1322111.3399999987,1322111.3399999987
2024-01-02,1101123.58586,1351469.6599999988,1351469.6599999988
2024-01-03,1114214.31586,1410442.559999999,1410442.559999999
2024-01-04,1113385.7588999998,1410442.559999999,1410442.559999999
2024-01-05,1123078.4289,1410442.559999999,1410442.559999999
2024-01-08,1115569.3105,1410442.559999999,1410442.559999999
2024-01-09,1119221.1905,1410301.6799999988,1410301.6799999988
2024-01-10,1121407.7705,1410301.6799999988,1410301.6799999988
2024-01-11,1123504.02066,1410301.6799999988,1410301.6799999988
2024-01-12,1123658.62738,1410301.6799999988,1410301.6799999988
2024-01-15,1131322.96738,1410301.6799999988,1410301.6799999988
2024-01-16,1130137.0135,1410301.6799999988,1410301.6799999988
2024-01-17,1126198.5135,1410301.6799999988,1410301.6799999988
2024-01-18,1124812.7535,1410301.6799999988,1410301.6799999988
2024-01-19,1125722.2335,1412052.9299999988,1412052.9299999988
2024-01-22,1000000.0,1412052.9299999988,1412052.9299999988
2024-01-23,1136247.5135,1412052.9299999988,1412052.9299999988
2024-01-24,1159104.3835,1404631.6999999988,1404631.6999999988
2024-01-25,1167896.8835,1393748.2299999988,1393748.2299999988
2024-01-26,1000000.0,1393748.2299999988,1393748.2299999988
2024-01-29,1178630.9106,1393748.2299999988,1393748.2299999988
2024-01-30,1167828.3306,1393748.2299999988,1393748.2299999988
2024-01-31,1188426.52495,1393748.2299999988,1393748.2299999988
2024-02-01,1194191.5349500002,1459674.3799999987,1459674.3799999987
2024-02-02,1176229.23838,1516861.2299999988,1516861.2299999988
2024-02-05,1175223.11164,1508315.5399999989,1508315.5399999989
2024-02-06,1189845.07845,1508315.5399999989,1508315.5399999989
2024-02-07,1198886.83905,1508315.5399999989,1508315.5399999989
2024-02-08,1187176.22905,1508315.5399999989,1508315.5399999989
2024-02-09,1177851.45485,1508315.5399999989,1508315.5399999989
2024-02-12,1156752.58491,1495399.319999999,1495399.319999999
2024-02-13,1154151.39491,1472431.339999999,1472431.339999999
2024-02-14,1152335.71491,1472431.339999999,1472431.339999999
2024-02-15,1148997.45031,1472431.339999999,1472431.339999999
2024-02-16,1159999.44031,1472431.339999999,1472431.339999999
2024-02-19,1164818.61771,1498483.429999999,1498483.429999999
2024-02-20,1160390.39771,1498483.429999999,1498483.429999999
2024-02-21,1146627.62771,1498483.429999999,1498483.429999999
2024-02-22,1146795.45325,1493699.779999999,1493699.779999999
2024-02-23,1146126.26375,1522173.219999999,1522173.219999999
2024-02-26,1141504.00855,1522173.219999999,1522173.219999999
2024-02-27,1135356.21187,1522173.219999999,1522173.219999999
2024-02-28,1125101.68187,1522173.219999999,1522173.219999999
2024-02-29,1123701.2652600002,1522173.219999999,1522173.219999999
2024-03-01,1126751.10226,1522173.219999999,1522173.219999999
2024-03-04,1130384.67226,1522173.219999999,1522173.219999999
2024-03-05,1131335.44618,1522173.219999999,1522173.219999999
2024-03-06,1126216.29618,1522173.219999999,1522173.219999999
2024-03-07,1125716.9061800002,1522173.219999999,1522173.219999999
2024-03-08,1000000.0,1522173.219999999,1522173.219999999
2024-03-11,1123046.4261800002,1522173.219999999,1522173.219999999
2024-03-12,1115894.21618,1522173.219999999,1522173.219999999
2024-03-13,1101149.78448,1504980.659999999,1504980.659999999
2024-03-14,1103158.02448,1482881.5499999989,1482881.5499999989
2024-03-15,1100723.9357800002,1482881.5499999989,1482881.5499999989
2024-03-18,1096300.0928100003,1472226.6799999988,1472226.6799999988
2024-03-19,1093435.38737,1485191.6999999988,1485191.6999999988
2024-03-20,1092754.13769,1485191.6999999988,1485191.6999999988
2024-03-21,1092798.3168500003,1485191.6999999988,1485191.6999999988
2024-03-22,1093011.0374900002,1485191.6999999988,1485191.6999999988
2024-03-25,1000000.0,1485191.6999999988,1485191.6999999988
2024-03-26,1092553.5298100002,1485191.6999999988,1485191.6999999988
2024-03-27,1091266.8319100004,1485191.6999999988,1485191.6999999988
2024-03-28,1090195.9441900004,1485191.6999999988,1485191.6999999988
2024-03-29,1000000.0,1485191.6999999988,1485191.6999999988
2024-04-01,1096817.4112300002,1485191.6999999988,1485191.6999999988
2024-04-02,1102549.1473100004,1525447.4299999988,1525447.4299999988
2024-04-03,1098398.77153,1525447.4299999988,1525447.4299999988
2024-04-04,1095355.50815,1525447.4299999988,1525447.4299999988
2024-04-05,1099261.24815,1525447.4299999988,1525447.4299999988
2024-04-08,1099810.0481500002,1541989.319999999,1541989.319999999
2024-04-09,1092056.9252300002,1541989.319999999,1541989.319999999
2024-04-10,1095267.0252300005,1573852.1299999987,1573852.1299999987
2024-04-11,1000000.0,1573852.1299999987,1573852.1299999987
2024-04-12,1088770.0392300002,1573852.1299999987,1573852.1299999987
2024-04-15,1074989.29423,1573852.1299999987,1573852.1299999987
2024-04-16,1072284.6042300002,1560246.2399999988,1560246.2399999988
2024-04-17,1000000.0,1560246.2399999988,1560246.2399999988
2024-04-18,1069443.84263,1560246.2399999988,1560246.2399999988
2024-04-19,1071186.2123500002,1550143.6199999987,1550143.6199999987
2024-04-22,1078423.8233300005,1550143.6199999987,1550143.6199999987
2024-04-23,1080089.55333,1550143.6199999987,1550143.6199999987
2024-04-24,1077687.4097500003,1582199.1399999987,1582199.1399999987
2024-04-25,1080083.3197500005,1647239.1299999987,1647239.1299999987
2024-04-26,1080160.0201500002,1647239.1299999987,1647239.1299999987
2024-04-29,1078300.6629500005,1680013.6099999987,1680013.6099999987
2024-04-30,1082000.0136700002,1680013.6099999987,1680013.6099999987
2024-05-01,1000000.0,1680013.6099999987,1680013.6099999987
2024-05-02,1080342.2936700005,1680013.6099999987,1680013.6099999987
2024-05-03,1075821.8336700003,1684000.7899999986,1684000.7899999986
2024-05-06,1068452.0643100005,1684000.7899999986,1684000.7899999986
2024-05-07,1059817.2780300002,1664083.2899999986,1664083.2899999986
2024-05-08,1059789.50115,1646000.2599999986,1646000.2599999986
2024-05-09,1057275.4011500005,1639157.4499999986,1639157.4499999986
2024-05-10,1058168.2011500003,1639157.4499999986,1639157.4499999986
2024-05-13,1057318.8011500002,1618021.309999999,1618021.309999999
2024-05-14,1056771.23025,1618021.309999999,1618021.309999999
2024-05-15,1055098.29025,1618021.309999999,1618021.309999999
2024-05-16,1055764.98025,1622034.1099999987,1622034.1099999987
2024-05-17,1055238.8463500002,1622034.1099999987,1622034.1099999987
2024-05-20,1000000.0,1622034.1099999987,1622034.1099999987
2024-05-21,1054571.0463500002,1699476.829999999,1699476.829999999
2024-05-22,1054028.2313600003,1699476.829999999,1699476.829999999
2024-05-23,1054903.4713600003,1699476.829999999,1699476.829999999
2024-05-24,1054342.7990400002,1719857.559999999,1719857.559999999
2024-05-27,1054532.4159200003,1719857.559999999,1719857.559999999
2024-05-28,1053907.7059200003,1719857.559999999,1719857.559999999
2024-05-29,1053805.00592,1719857.559999999,1719857.559999999
2024-05-30,1051946.1759200003,1719857.559999999,1719857.559999999
2024-05-31,1051221.22592,1703833.059999999,1703833.059999999
2024-06-03,1053008.8359200002,1703833.059999999,1703833.059999999
2024-06-04,1047992.5994000002,1689085.069999999,1689085.069999999
2024-06-05,1052141.81652,1689085.069999999,1689085.069999999
2024-06-06,1054334.51066,1689085.069999999,1689085.069999999
2024-06-07,1056026.5742800003,1689085.069999999,1689085.069999999
2024-06-10,1061035.8034800002,1726802.6999999986,1726802.6999999986
2024-06-11,1062714.0472000004,1760083.4099999983,1760083.4099999983
2024-06-12,1066482.8002500003,1760083.4099999983,1760083.4099999983
2024-06-13,1070288.6402500002,1760083.4099999983,1760083.4099999983
2024-06-14,1075747.8802500004,1778154.0199999986,1778154.0199999986
2024-06-17,1000000.0,1778154.0199999986,1778154.0199999986
2024-06-18,1074163.2553500002,1772120.4099999983,1772120.4099999983
2024-06-19,1066960.1965500002,1772120.4099999983,1772120.4099999983
2024-06-20,1067945.4365500002,1766587.3699999985,1766587.3699999985
2024-06-21,1070151.1165500004,1752997.4299999983,1752997.4299999983
2024-06-24,1072082.2908100004,1752997.4299999983,1752997.4299999983
2024-06-25,1073299.0008100003,1752997.4299999983,1752997.4299999983
2024-06-26,1071504.2462100005,1752997.4299999983,1752997.4299999983
2024-06-27,1068260.5262100005,1734054.0399999986,1734054.0399999986
2024-06-28,1067308.8053700004,1734054.0399999986,1734054.0399999986
2024-07-01,1069148.9353700003,1734054.0399999986,1734054.0399999986
2024-07-02,1068799.6653700003,1734054.0399999986,1734054.0399999986
2024-07-03,1072739.2853700004,1734054.0399999986,1734054.0399999986
2024-07-04,1074298.7153700003,1760453.829999999,1760453.829999999
2024-07-05,1075480.5455700003,1806959.5999999987,1806959.5999999987
2024-07-08,1073410.5383200005,1806959.5999999987,1806959.5999999987
2024-07-09,1075356.7783200005,1801009.819999999,1801009.819999999
2024-07-10,1069555.4283200004,1786804.7199999986,1786804.7199999986
2024-07-11,1070053.6583200004,1786804.7199999986,1786804.7199999986
2024-07-12,1068519.7617600004,1786804.7199999986,1786804.7199999986
2024-07-15,1070053.4917600004,1779337.1999999986,1779337.1999999986
2024-07-16,1073680.9517600003,1779337.1999999986,1779337.1999999986
2024-07-17,1000000.0,1779337.1999999986,1779337.1999999986
2024-07-18,1074194.3950900005,1779337.1999999986,1779337.1999999986
2024-07-19,1066147.6796500003,1730323.3699999985,1730323.3699999985
2024-07-22,1072515.0296500004,1716658.7299999986,1716658.7299999986
2024-07-23,1074673.2796500004,1716658.7299999986,1716658.7299999986
2024-07-24,1077493.7596500004,1750695.6399999985,1750695.6399999985
2024-07-25,1076190.7596500004,1779532.0699999984,1779532.0699999984
2024-07-26,1077165.6596500005,1805933.6699999983,1805933.6699999983
2024-07-29,1077048.0715800002,1805933.6699999983,1805933.6699999983
2024-07-30,1083060.8993300004,1805933.6699999983,1805933.6699999983
2024-07-31,1085602.9109300002,1805933.6699999983,1805933.6699999983
2024-08-01,1082247.4909300003,1805933.6699999983,1805933.6699999983
2024-08-02,1070034.5074900005,1805933.6699999983,1805933.6699999983
2024-08-05,1054984.7249100003,1774444.0799999984,1774444.0799999984
2024-08-06,1052297.2483100004,1774444.0799999984,1774444.0799999984
2024-08-07,1060558.2315100003,1768206.3299999984,1768206.3299999984
2024-08-08,1064280.9319700005,1768206.3299999984,1768206.3299999984
2024-08-09,1064974.3919700005,1766566.3099999984,1766566.3099999984
2024-08-12,1068665.1638900004,1766566.3099999984,1766566.3099999984
2024-08-13,1061818.2372900003,1766566.3099999984,1766566.3099999984
2024-08-14,1062142.5193500004,1766566.3099999984,1766566.3099999984
2024-08-15,1000000.0,1766566.3099999984,1766566.3099999984
2024-08-16,1062167.1415100005,1766566.3099999984,1766566.3099999984
2024-08-19,1062912.8329100006,1784289.4999999984,1784289.4999999984
2024-08-20,1062530.7429100005,1784289.4999999984,1784289.4999999984
2024-08-21,1065941.2432800003,1784289.4999999984,1784289.4999999984
2024-08-22,1071354.4840500006,1784289.4999999984,1784289.4999999984
2024-08-23,1073285.8776900007,1784289.4999999984,1784289.4999999984
2024-08-26,1073911.0576900006,1770748.4999999984,1770748.4999999984
2024-08-27,1072062.7296900009,1750978.5999999985,1750978.5999999985
2024-08-28,1070527.6896900008,1750978.5999999985,1750978.5999999985
2024-08-29,1062724.019690001,1750978.5999999985,1750978.5999999985
2024-08-30,1065886.8408500007,1750978.5999999985,1750978.5999999985
2024-09-02,1064903.4018700006,1750978.5999999985,1750978.5999999985
2024-09-03,1065371.7218700007,1750978.5999999985,1750978.5999999985
2024-09-04,1066218.032620001,1780470.1699999983,1780470.1699999983
2024-09-05,1064810.282620001,1780470.1699999983,1780470.1699999983
2024-09-06,1058531.9226200006,1762649.9599999986,1762649.9599999986
2024-09-09,1056915.8834000006,1757845.8899999985,1757845.8899999985
2024-09-10,1063311.3934000006,1757845.8899999985,1757845.8899999985
2024-09-11,1062717.9434000007,1771806.0599999984,1771806.0599999984
2024-09-12,1068555.4034000009,1758582.3499999985,1758582.3499999985
2024-09-13,1070915.5667600008,1758582.3499999985,1758582.3499999985
2024-09-16,1070201.8767600006,1758582.3499999985,1758582.3499999985
2024-09-17,1069963.9167600006,1758582.3499999985,1758582.3499999985
2024-09-18,1058433.9173600008,1793851.9899999984,1793851.9899999984
2024-09-19,1058359.1173600007,1780350.0199999984,1780350.0199999984
2024-09-20,1058959.2573600006,1780350.0199999984,1780350.0199999984
2024-09-23,1065737.344020001,1780350.0199999984,1780350.0199999984
2024-09-24,1066424.1669600008,1794119.2599999984,1794119.2599999984
2024-09-25,1061997.662360001,1794119.2599999984,1794119.2599999984
2024-09-26,1062555.358760001,1794119.2599999984,1794119.2599999984
2024-09-27,1065944.5587600009,1822586.8599999985,1822586.8599999985
2024-09-30,1065611.7987600006,1822586.8599999985,1822586.8599999985
2024-10-01,1074234.4534600007,1822586.8599999985,1822586.8599999985
2024-10-02,1000000.0,1822586.8599999985,1822586.8599999985
2024-10-03,1064635.7580600008,1822586.8599999985,1822586.8599999985
2024-10-04,1063043.693120001,1816905.1399999985,1816905.1399999985
2024-10-07,1055622.8399400008,1816905.1399999985,1816905.1399999985
2024-10-08,1062501.6132300007,1820894.1299999985,1820894.1299999985
2024-10-09,1061251.0682300008,1820894.1299999985,1820894.1299999985
2024-10-10,1058505.458810001,1819779.9199999983,1819779.9199999983
2024-10-11,1060981.9988100007,1819779.9199999983,1819779.9199999983
2024-10-14,1056922.9988100007,1819779.9199999983,1819779.9199999983
2024-10-15,1057823.955810001,1819779.9199999983,1819779.9199999983
2024-10-16,1056963.975810001,1819779.9199999983,1819779.9199999983
2024-10-17,1054406.1798100008,1819779.9199999983,1819779.9199999983
2024-10-18,1053769.8244600007,1799581.0499999984,1799581.0499999984
2024-10-21,1048641.1411000006,1799581.0499999984,1799581.0499999984
2024-10-22,1042984.0196600008,1775056.1699999983,1775056.1699999983
2024-10-23,1046730.3714200008,1775056.1699999983,1775056.1699999983
2024-10-24,1046004.9214200008,1759247.9099999983,1759247.9099999983
2024-10-25,1045700.5714200006,1759247.9099999983,1759247.9099999983
2024-10-28,1048841.5214200006,1759247.9099999983,1759247.9099999983
2024-10-29,1049542.802650001,1759247.9099999983,1759247.9099999983
2024-10-30,1055276.8034500007,1759247.9099999983,1759247.9099999983
2024-10-31,1049124.7082500006,1759247.9099999983,1759247.9099999983
2024-11-01,1052818.258250001,1759247.9099999983,1759247.9099999983
2024-11-04,1045985.3566300008,1759247.9099999983,1759247.9099999983
2024-11-05,1044396.3566300008,1775808.1599999983,1775808.1599999983
2024-11-06,1047250.3066300008,1775808.1599999983,1775808.1599999983
2024-11-07,1047796.5686300008,1775808.1599999983,1775808.1599999983
2024-11-08,1038661.7686300006,1775808.1599999983,1775808.1599999983
2024-11-11,1035926.0186300006,1775808.1599999983,1775808.1599999983
2024-11-12,1033825.4500300006,1775808.1599999983,1775808.1599999983
2024-11-13,1032743.4500300006,1775808.1599999983,1775808.1599999983
2024-11-14,1033660.8500300008,1775808.1599999983,1775808.1599999983
2024-11-15,1000000.0,1775808.1599999983,1775808.1599999983
2024-11-18,1031973.6500300006,1775808.1599999983,1775808.1599999983
2024-11-19,1031796.0500300006,1775808.1599999983,1775808.1599999983
2024-11-20,1000000.0,1775808.1599999983,1775808.1599999983
2024-11-21,1031423.6500300006,1775808.1599999983,1775808.1599999983
2024-11-22,1031619.2704300006,1775808.1599999983,1775808.1599999983
2024-11-25,1031619.2704300006,1775808.1599999983,1775808.1599999983
2024-11-26,1031619.2704300006,1775808.1599999983,1775808.1599999983
2024-11-27,1031619.2704300006,1775808.1599999983,1775808.1599999983
2024-11-28,1031619.2704300006,1775808.1599999983,1775808.1599999983
2024-11-29,1031619.2704300006,1775808.1599999983,1775808.1599999983
2024-12-02,1031619.2704300006,1775808.1599999983,1775808.1599999983
2024-12-03,1031619.2704300006,1775808.1599999983,1775808.1599999983
2024-12-04,1031619.2704300006,1775808.1599999983,1775808.1599999983
2024-12-05,1031619.2704300006,1775808.1599999983,1775808.1599999983
2024-12-06,1031619.2704300006,1775808.1599999983,1775808.1599999983
2024-12-09,1031619.2704300006,1775808.1599999983,1775808.1599999983
2024-12-10,1031619.2704300006,1775808.1599999983,1775808.1599999983
2024-12-11,1031619.2704300006,1775808.1599999983,1775808.1599999983
2024-12-12,1031619.2704300006,1775808.1599999983,1775808.1599999983
2024-12-13,1031619.2704300006,1766794.7399999986,1766794.7399999986
2024-12-16,1031619.2704300006,1754079.0199999986,1754079.0199999986
2024-12-17,1031619.2704300006,1754079.0199999986,1754079.0199999986
2024-12-18,1031619.2704300006,1754079.0199999986,1754079.0199999986
2024-12-19,1031619.2704300006,1712574.309999999,1712574.309999999
2024-12-20,1031619.2704300006,1680934.7499999986,1680934.7499999986
2024-12-23,1031619.2704300006,1680934.7499999986,1680934.7499999986
2024-12-24,1031619.2704300006,1680934.7499999986,1680934.7499999986
2024-12-25,1000000.0,1680934.7499999986,1680934.7499999986
2024-12-26,1031619.2704300006,1680934.7499999986,1680934.7499999986
2024-12-27,1031619.2704300006,1680934.7499999986,1680934.7499999986
2024-12-30,1031619.2704300006,1680934.7499999986,1680934.7499999986
2024-12-31,1031619.2704300006,1669700.1299999985,1669700.1299999985
2025-01-01,1031619.2704300006,1669700.1299999985,1669700.1299999985
2025-01-02,1031571.0300900006,1669700.1299999985,1669700.1299999985
2025-01-03,1031153.1500900006,1669700.1299999985,1669700.1299999985
2025-01-06,1028089.1100900008,1669700.1299999985,1669700.1299999985
2025-01-07,1029804.0300900006,1655881.7099999986,1655881.7099999986
2025-01-08,1028683.0700900006,1655881.7099999986,1655881.7099999986
2025-01-09,1026758.3606900006,1655881.7099999986,1655881.7099999986
2025-01-10,1026758.3606900006,1655881.7099999986,1655881.7099999986
2025-01-13,1026758.3606900006,1655881.7099999986,1655881.7099999986
2025-01-14,1026758.3606900006,1655881.7099999986,1655881.7099999986
2025-01-15,1026758.3606900006,1655881.7099999986,1655881.7099999986
2025-01-16,1026758.3606900006,1655881.7099999986,1655881.7099999986
2025-01-17,1026758.3606900006,1655881.7099999986,1655881.7099999986
2025-01-20,1026758.3606900006,1655881.7099999986,1655881.7099999986
2025-01-21,1026758.3606900006,1655881.7099999986,1655881.7099999986
2025-01-22,1026832.5446900006,1655881.7099999986,1655881.7099999986
2025-01-23,1027045.9446900006,1655881.7099999986,1655881.7099999986
2025-01-24,1026851.2446900004,1655881.7099999986,1655881.7099999986
2025-01-27,1025965.9646900006,1655881.7099999986,1655881.7099999986
2025-01-28,1026098.1846900006,1655881.7099999986,1655881.7099999986
2025-01-29,1026401.2385300006,1655881.7099999986,1655881.7099999986
2025-01-30,1025937.8585300006,1655881.7099999986,1655881.7099999986
2025-01-31,1026580.8785300006,1655881.7099999986,1655881.7099999986
2025-02-03,1027428.9585300006,1655881.7099999986,1655881.7099999986
2025-02-04,1023627.2980500006,1655881.7099999986,1655881.7099999986
2025-02-05,1022061.3380500006,1655881.7099999986,1655881.7099999986
2025-02-06,1022379.8980500004,1655881.7099999986,1655881.7099999986
2025-02-07,1021846.8380500006,1655881.7099999986,1655881.7099999986
2025-02-10,1021995.7780500004,1655881.7099999986,1655881.7099999986
2025-02-11,1021291.9980500004,1655881.7099999986,1655881.7099999986
2025-02-12,1022036.2580500004,1655881.7099999986,1655881.7099999986
2025-02-13,1021568.3378500006,1655881.7099999986,1655881.7099999986
2025-02-14,1021568.3378500006,1655881.7099999986,1655881.7099999986
2025-02-17,1021568.3378500006,1655881.7099999986,1655881.7099999986
2025-02-18,1021568.3378500006,1655881.7099999986,1655881.7099999986
2025-02-19,1021568.3378500006,1655881.7099999986,1655881.7099999986
2025-02-20,1021568.3378500006,1655881.7099999986,1655881.7099999986
2025-02-21,1021568.3378500006,1655881.7099999986,1655881.7099999986
2025-02-24,1021568.3378500006,1655881.7099999986,1655881.7099999986
2025-02-25,1021568.3378500006,1655881.7099999986,1655881.7099999986
2025-02-26,1000000.0,1655881.7099999986,1655881.7099999986
2025-02-27,1021568.3378500006,1655881.7099999986,1655881.7099999986
2025-02-28,1021568.3378500006,1655881.7099999986,1655881.7099999986
2025-03-03,1021568.3378500006,1655881.7099999986,1655881.7099999986
2025-03-04,1021568.3378500006,1655881.7099999986,1655881.7099999986
2025-03-05,1021568.3378500006,1655881.7099999986,1655881.7099999986
2025-03-06,1021568.3378500006,1655881.7099999986,1655881.7099999986
2025-03-07,1021568.3378500006,1655881.7099999986,1655881.7099999986
2025-03-10,1021568.3378500006,1655881.7099999986,1655881.7099999986
2025-03-11,1021568.3378500006,1655881.7099999986,1655881.7099999986
2025-03-12,1021568.3378500006,1655881.7099999986,1655881.7099999986
2025-03-13,1021568.3378500006,1655881.7099999986,1655881.7099999986
2025-03-14,1000000.0,1655881.7099999986,1655881.7099999986
2025-03-17,1021568.3378500006,1655881.7099999986,1655881.7099999986
2025-03-18,1021568.3378500006,1655881.7099999986,1655881.7099999986
2025-03-19,1021568.3378500006,1655881.7099999986,1655881.7099999986
2025-03-20,1021568.3378500006,1655881.7099999986,1655881.7099999986
2025-03-21,1021568.3378500006,1655881.7099999986,1655881.7099999986
2025-03-24,1021568.3378500006,1655881.7099999986,1655881.7099999986
2025-03-25,1021568.3378500006,1655881.7099999986,1655881.7099999986
2025-03-26,1021568.3378500006,1655881.7099999986,1655881.7099999986
2025-03-27,1021568.3378500006,1655881.7099999986,1655881.7099999986
2025-03-28,1021568.3378500006,1655881.7099999986,1655881.7099999986
2025-03-31,1000000.0,1655881.7099999986,1655881.7099999986
2025-04-01,1021568.3378500006,1655881.7099999986,1655881.7099999986
2025-04-02,1021568.3378500006,1655881.7099999986,1655881.7099999986
2025-04-03,1021568.3378500006,1655881.7099999986,1655881.7099999986
2025-04-04,1021568.3378500006,1655881.7099999986,1655881.7099999986
2025-04-07,1021568.3378500006,1655881.7099999986,1655881.7099999986
2025-04-08,1021568.3378500006,1655881.7099999986,1655881.7099999986
2025-04-09,1021568.3378500006,1655881.7099999986,1655881.7099999986
2025-04-10,1000000.0,1655881.7099999986,1655881.7099999986
2025-04-11,1021568.3378500006,1655881.7099999986,1655881.7099999986
2025-04-14,1000000.0,1655881.7099999986,1655881.7099999986
2025-04-15,1021568.3378500006,1655881.7099999986,1655881.7099999986
2025-04-16,1021568.3378500006,1655881.7099999986,1655881.7099999986
2025-04-17,1021616.5582300004,1655881.7099999986,1655881.7099999986
2025-04-18,1000000.0,1655881.7099999986,1655881.7099999986
2025-04-21,1019323.1782300004,1655881.7099999986,1655881.7099999986
2025-04-22,1019517.3901300008,1655881.7099999986,1655881.7099999986
2025-04-23,1020187.6201300006,1655881.7099999986,1655881.7099999986
2025-04-24,1021876.7401300006,1655881.7099999986,1655881.7099999986
2025-04-25,1021074.5701300006,1636149.2599999986,1636149.2599999986
2025-04-28,1021812.6601300006,1636149.2599999986,1636149.2599999986
2025-04-29,1020857.1301300006,1636149.2599999986,1636149.2599999986
2025-04-30,1019725.5601300006,1621016.329999999,1621016.329999999
2025-05-01,1000000.0,1621016.329999999,1621016.329999999
2025-05-02,1018454.9869300006,1621016.329999999,1621016.329999999
2025-05-05,1017445.7269300008,1621016.329999999,1621016.329999999
2025-05-06,1016950.0069300006,1621016.329999999,1621016.329999999
2025-05-07,1018660.1869300008,1597615.829999999,1597615.829999999
2025-05-08,1018079.6869300008,1597615.829999999,1597615.829999999
2025-05-09,1017877.1869300008,1559712.9599999986,1559712.9599999986
2025-05-12,1019030.6269300006,1559712.9599999986,1559712.9599999986
2025-05-13,1019030.6269300006,1582320.8499999985,1582320.8499999985
2025-05-14,1017583.9669300008,1617638.7699999984,1617638.7699999984
2025-05-15,1018058.0869300008,1594331.0499999984,1594331.0499999984
2025-05-16,1018508.4469300008,1594331.0499999984,1594331.0499999984
2025-05-19,1018820.0269300006,1592767.0599999984,1592767.0599999984
2025-05-20,1017778.3669300006,1577288.6699999983,1577288.6699999983
2025-05-21,1017980.8669300006,1577288.6699999983,1577288.6699999983
2025-05-22,1018384.0006500006,1569727.7099999986,1569727.7099999986
2025-05-23,1017282.6006500006,1569727.7099999986,1569727.7099999986
2025-05-26,1017735.3806500006,1569727.7099999986,1569727.7099999986
2025-05-27,1017541.4693700004,1569727.7099999986,1569727.7099999986
2025-05-28,1017663.1893700006,1569727.7099999986,1569727.7099999986
2025-05-29,1017514.6093700004,1569727.7099999986,1569727.7099999986
2025-05-30,1015762.2493700006,1572627.1799999983,1572627.1799999983
2025-06-02,1015373.2893700006,1572627.1799999983,1572627.1799999983
2025-06-03,1016259.6693700006,1598734.5699999984,1598734.5699999984
2025-06-04,1017098.4493700006,1598734.5699999984,1598734.5699999984
2025-06-05,1015562.6693700006,1598734.5699999984,1598734.5699999984
2025-06-06,1015346.4293700006,1582800.5699999984,1582800.5699999984
2025-06-09,1015082.5893700006,1607268.3799999985,1607268.3799999985
2025-06-10,1015887.3693700006,1639001.1199999985,1639001.1199999985
2025-06-11,1014510.2253800004,1639001.1199999985,1639001.1199999985
2025-06-12,1011911.2422200006,1639001.1199999985,1639001.1199999985
2025-06-13,1011911.2422200006,1631438.9599999986,1631438.9599999986
2025-06-16,1011911.2422200006,1631438.9599999986,1631438.9599999986
2025-06-17,1011911.2422200006,1631438.9599999986,1631438.9599999986
2025-06-18,1011911.2422200006,1631438.9599999986,1631438.9599999986
2025-06-19,1011911.2422200006,1581619.6499999985,1581619.6499999985
2025-06-20,1011911.2422200006,1581619.6499999985,1581619.6499999985
2025-06-23,1011911.2422200006,1614228.1699999983,1614228.1699999983
2025-06-24,1011911.2422200006,1614228.1699999983,1614228.1699999983
2025-06-25,1011796.4644100006,1637393.5199999986,1637393.5199999986
2025-06-26,1011670.4288100004,1637393.5199999986,1637393.5199999986
2025-06-27,1012588.1124100004,1657846.6699999983,1657846.6699999983
2025-06-30,1013502.7224100004,1698276.5899999985,1698276.5899999985
2025-07-01,1014712.3754100006,1698276.5899999985,1698276.5899999985
2025-07-02,1016997.0144700004,1698276.5899999985,1698276.5899999985
2025-07-03,1018328.5344700004,1692660.1299999985,1692660.1299999985
2025-07-04,1016288.0863700004,1676663.8599999985,1676663.8599999985
2025-07-07,1014690.0063700004,1670153.8499999985,1670153.8499999985
2025-07-08,1013247.9412700004,1670153.8499999985,1670153.8499999985
2025-07-09,1015428.8912700004,1670153.8499999985,1670153.8499999985
2025-07-10,1015622.9112700004,1670153.8499999985,1670153.8499999985
2025-07-11,1011923.3612700003,1633616.1499999985,1633616.1499999985
2025-07-14,1009402.5416700004,1625540.1299999985,1625540.1299999985
2025-07-15,1011107.1536700004,1625540.1299999985,1625540.1299999985
2025-07-16,1013677.2836700004,1625540.1299999985,1625540.1299999985
2025-07-17,1013611.7436700003,1625540.1299999985,1625540.1299999985
2025-07-18,1014221.9336700004,1625540.1299999985,1625540.1299999985
2025-07-21,1015428.3536700004,1625540.1299999985,1625540.1299999985
2025-07-22,1015294.9536700004,1625540.1299999985,1625540.1299999985
2025-07-23,1014527.0036700004,1625540.1299999985,1625540.1299999985
2025-07-24,1013436.9936700003,1620043.0299999984,1620043.0299999984
2025-07-25,1009595.5478700004,1601505.1099999985,1601505.1099999985
2025-07-28,1008647.0578700004,1559124.1299999985,1559124.1299999985
2025-07-29,1011238.9978700004,1581480.4499999986,1581480.4499999986
2025-07-30,1010615.0278700005,1581480.4499999986,1581480.4499999986
2025-07-31,1008690.6558700004,1581480.4499999986,1581480.4499999986
2025-08-01,1007639.3658700004,1581480.4499999986,1581480.4499999986
2025-08-04,1008318.3324000004,1581480.4499999986,1581480.4499999986
2025-08-05,1006124.8790000004,1570156.1899999983,1570156.1899999983
2025-08-06,1003735.3990000004,1570156.1899999983,1570156.1899999983
2025-08-07,1003168.6221000004,1570156.1899999983,1570156.1899999983
2025-08-08,1000831.7721000004,1570156.1899999983,1570156.1899999983
2025-08-11,1002563.3721000004,1570156.1899999983,1570156.1899999983
2025-08-12,1002183.8131000004,1570156.1899999983,1570156.1899999983
2025-08-13,1001424.7333800005,1570156.1899999983,1570156.1899999983
2025-08-14,1001173.6333800004,1570156.1899999983,1570156.1899999983
2025-08-15,1000000.0,1570156.1899999983,1570156.1899999983
2025-08-18,1002295.0631400004,1570156.1899999983,1570156.1899999983
2025-08-19,1001709.7857400004,1570156.1899999983,1570156.1899999983
2025-08-20,1005266.3457400004,1570156.1899999983,1570156.1899999983
2025-08-21,1005879.0670400003,1583743.2599999986,1583743.2599999986
2025-08-22,1005506.1670400006,1583743.2599999986,1583743.2599999986
2025-08-25,1005310.9404400004,1583743.2599999986,1583743.2599999986
2025-08-26,1000159.4804400004,1583743.2599999986,1583743.2599999986
2025-08-27,1000000.0,1583743.2599999986,1583743.2599999986
2025-08-28,999031.7104400004,1583743.2599999986,1583743.2599999986
2025-08-29,1001471.1204400004,1583743.2599999986,1583743.2599999986
2025-09-01,1003822.7104400004,1583743.2599999986,1583743.2599999986
2025-09-02,1002205.9614400006,1583743.2599999986,1583743.2599999986
2025-09-03,1009838.9914400004,1584406.5999999987,1584406.5999999987
2025-09-04,1007706.8014400004,1584406.5999999987,1584406.5999999987
2025-09-05,1006941.0914400006,1584406.5999999987,1584406.5999999987
2025-09-08,1008026.9369800003,1584406.5999999987,1584406.5999999987
2025-09-09,1009640.0961800006,1584406.5999999987,1584406.5999999987
2025-09-10,1009751.8665800006,1584406.5999999987,1584406.5999999987
2025-09-11,1008897.6262200006,1584406.5999999987,1584406.5999999987
2025-09-12,1007864.6062200004,1584406.5999999987,1584406.5999999987
2025-09-15,1007124.6362200006,1584406.5999999987,1584406.5999999987
2025-09-16,1005526.9862200004,1584406.5999999987,1584406.5999999987
2025-09-17,1005410.2262200004,1584406.5999999987,1584406.5999999987
2025-09-18,1005228.7462200008,1584406.5999999987,1584406.5999999987
2025-09-19,1001271.7162200006,1584406.5999999987,1584406.5999999987
2025-09-22,993705.7162200004,1584406.5999999987,1584406.5999999987
2025-09-23,991563.8775200006,1577760.579999999,1577760.579999999
2025-09-24,989996.7975200006,1563669.9999999986,1563669.9999999986
2025-09-25,990609.2475200006,1563669.9999999986,1563669.9999999986
2025-09-26,980863.5414800006,1526167.7799999986,1526167.7799999986
2025-09-29,980951.7426000006,1494075.4299999983,1494075.4299999983
2025-09-30,979306.1434000004,1494075.4299999983,1494075.4299999983
2025-10-01,979306.1434000004,1494075.4299999983,1494075.4299999983
2025-10-02,1000000.0,1494075.4299999983,1494075.4299999983
2025-10-03,979009.7715200004,1494075.4299999983,1494075.4299999983
2025-10-06,978326.1515200004,1494075.4299999983,1494075.4299999983
2025-10-07,977411.1115200006,1494075.4299999983,1494075.4299999983
2025-10-08,977128.3535200006,1489612.9599999986,1489612.9599999986
2025-10-09,977128.3535200006,1489612.9599999986,1489612.9599999986
2025-10-10,977128.3535200006,1489612.9599999986,1489612.9599999986
2025-10-13,977128.3535200006,1489612.9599999986,1489612.9599999986
2025-10-14,977128.3535200006,1489612.9599999986,1489612.9599999986
2025-10-15,976936.1560000008,1489612.9599999986,1489612.9599999986
2025-10-16,978127.7560000006,1489612.9599999986,1489612.9599999986
2025-10-17,977112.7960000006,1489612.9599999986,1489612.9599999986
2025-10-20,977078.2360000006,1489612.9599999986,1489612.9599999986
2025-10-21,977188.0360000004,1489612.9599999986,1489612.9599999986
2025-10-22,1000000.0,1489612.9599999986,1489612.9599999986
2025-10-23,976865.7160000006,1489612.9599999986,1489612.9599999986
2025-10-24,976730.7160000006,1489612.9599999986,1489612.9599999986
2025-10-27,976663.8760000006,1489612.9599999986,1489612.9599999986
2025-10-28,977432.8360000006,1489612.9599999986,1489612.9599999986
2025-10-29,977400.5560000006,1489612.9599999986,1489612.9599999986
2025-10-30,977309.8360000006,1489612.9599999986,1489612.9599999986
2025-10-31,978176.7160000006,1481136.319999999,1481136.319999999
2025-11-03,978893.1160000006,1473715.329999999,1473715.329999999
2025-11-04,978604.1560000008,1456726.2799999986,1456726.2799999986
2025-11-05,1000000.0,1456726.2799999986,1456726.2799999986
2025-11-06,977020.8760000006,1446176.329999999,1446176.329999999
2025-11-07,976298.5960000006,1446176.329999999,1446176.329999999
2025-11-10,975336.1960000006,1446176.329999999,1446176.329999999
2025-11-11,976090.3758400006,1446176.329999999,1446176.329999999
2025-11-12,976090.3758400006,1446176.329999999,1446176.329999999
2025-11-13,976090.3758400006,1431138.5399999986,1431138.5399999986
2025-11-14,976090.3758400006,1450926.8599999987,1450926.8599999987
2025-11-17,976090.3758400006,1450926.8599999987,1450926.8599999987
2025-11-18,976090.3758400006,1450926.8599999987,1450926.8599999987
2025-11-19,976090.3758400006,1450926.8599999987,1450926.8599999987
2025-11-20,976090.3758400006,1448517.1399999987,1448517.1399999987
2025-11-21,976090.3758400006,1441248.7899999986,1441248.7899999986
2025-11-24,976090.3758400006,1431602.5199999986,1431602.5199999986
2025-11-25,976090.3758400006,1431602.5199999986,1431602.5199999986
2025-11-26,976090.3758400006,1431602.5199999986,1431602.5199999986
2025-11-27,976090.3758400006,1431602.5199999986,1431602.5199999986
2025-11-28,975825.7758400006,1431602.5199999986,1431602.5199999986
2025-12-01,977389.3758400006,1445557.1099999987,1445557.1099999987
2025-12-02,977496.1758400006,1438305.4899999986,1438305.4899999986
2025-12-03,977029.3758400006,1438305.4899999986,1438305.4899999986
2025-12-04,977204.5758400006,1438305.4899999986,1438305.4899999986
2025-12-05,977432.5758400006,1436091.5399999986,1436091.5399999986
2025-12-08,976800.1758400006,1436091.5399999986,1436091.5399999986
2025-12-09,976821.7758400006,1436091.5399999986,1436091.5399999986
2025-12-10,976726.9758400006,1436091.5399999986,1436091.5399999986
2025-12-11,977096.5758400006,1436091.5399999986,1436091.5399999986
2025-12-12,977310.1758400006,1436091.5399999986,1436091.5399999986
2025-12-15,977119.3758400006,1436091.5399999986,1436091.5399999986
2025-12-16,976882.9758400006,1436091.5399999986,1436091.5399999986
2025-12-17,977114.5758400006,1436091.5399999986,1436091.5399999986
2025-12-18,976554.1758400006,1436091.5399999986,1436091.5399999986
2025-12-19,977439.7758400006,1436091.5399999986,1436091.5399999986
2025-12-22,977962.9758400006,1436091.5399999986,1436091.5399999986
2025-12-23,977685.7758400006,1436091.5399999986,1436091.5399999986
2025-12-24,977430.1758400006,1436091.5399999986,1436091.5399999986
2025-12-25,1000000.0,1436091.5399999986,1436091.5399999986
2025-12-26,977056.9758400006,1436091.5399999986,1436091.5399999986
2025-12-29,976338.1758400006,1436091.5399999986,1436091.5399999986
2025-12-30,977062.9758400006,1436091.5399999986,1436091.5399999986
2025-12-31,978085.3758400006,1436091.5399999986,1436091.5399999986
2026-01-01,978414.5130900006,1436091.5399999986,1436091.5399999986
2026-01-02,980339.2160900006,1436091.5399999986,1436091.5399999986
2026-01-05,981021.5160900006,1436091.5399999986,1436091.5399999986
2026-01-06,981094.3940400006,1436091.5399999986,1436091.5399999986
2026-01-07,980770.6140400006,1436091.5399999986,1436091.5399999986
2026-01-08,976206.6840400008,1436091.5399999986,1436091.5399999986
2026-01-09,975091.1199400008,1436091.5399999986,1436091.5399999986
2026-01-12,973009.3599400008,1436091.5399999986,1436091.5399999986
2026-01-13,972100.0599400008,1436091.5399999986,1436091.5399999986
2026-01-14,974183.8099400008,1436091.5399999986,1436091.5399999986
2026-01-15,974183.8099400008,1436091.5399999986,1436091.5399999986
2026-01-16,974065.1099400008,1436091.5399999986,1436091.5399999986
2026-01-19,975302.8099400008,1436091.5399999986,1436091.5399999986
2026-01-20,972836.9123400009,1436091.5399999986,1436091.5399999986
2026-01-21,972753.1623400009,1436091.5399999986,1436091.5399999986
2026-01-22,975640.6623400009,1436091.5399999986,1436091.5399999986
2026-01-23,973236.1623400009,1436091.5399999986,1436091.5399999986
2026-01-26,1000000.0,1436091.5399999986,1436091.5399999986
2026-01-27,975272.9123400009,1446015.0899999987,1446015.0899999987
2026-01-28,976603.6623400009,1446015.0899999987,1446015.0899999987
2026-01-29,978769.7944900008,1446015.0899999987,1446015.0899999987
2026-01-30,979408.5444900008,1446015.0899999987,1446015.0899999987
2026-02-02,971830.0444900008,1446015.0899999987,1446015.0899999987
2026-02-03,976031.2944900008,1446015.0899999987,1446015.0899999987
2026-02-04,976596.6944900008,1446015.0899999987,1446015.0899999987
2026-02-05,976048.8444900007,1446015.0899999987,1446015.0899999987
2026-02-06,976075.1944900008,1446015.0899999987,1446015.0899999987
2026-02-09,979108.0944900007,1446015.0899999987,1446015.0899999987
2026-02-10,979918.9004900008,1446015.0899999987,1446015.0899999987
2026-02-11,979640.2704900008,1446015.0899999987,1446015.0899999987
2026-02-12,979574.6604900009,1446015.0899999987,1446015.0899999987
2026-02-13,977934.9204900007,1446015.0899999987,1446015.0899999987
2026-02-16,980329.5236900008,1446015.0899999987,1446015.0899999987
2026-02-17,982647.7036900008,1446015.0899999987,1446015.0899999987
2026-02-18,984344.3236900008,1446015.0899999987,1446015.0899999987
2026-02-19,980777.7336900008,1446015.0899999987,1446015.0899999987
2026-02-20,983318.8336900008,1446015.0899999987,1446015.0899999987
2026-02-23,985311.4485700008,1446015.0899999987,1446015.0899999987
2026-02-24,985697.7485700008,1446015.0899999987,1446015.0899999987
2026-02-25,985343.4485700008,1446015.0899999987,1446015.0899999987
2026-02-26,985562.3985700008,1446015.0899999987,1446015.0899999987
2026-02-27,983668.5485700008,1446015.0899999987,1446015.0899999987
2026-03-02,980347.5985700008,1446015.0899999987,1446015.0899999987
2026-03-03,1000000.0,1446015.0899999987,1446015.0899999987
2026-03-04,975776.9037700008,1431879.9799999986,1431879.9799999986
2026-03-05,977338.4537700008,1431879.9799999986,1431879.9799999986
2026-03-06,974691.4367700008,1431879.9799999986,1431879.9799999986
2026-03-09,971652.2727700009,1431879.9799999986,1431879.9799999986
2026-03-10,973349.0227700009,1431879.9799999986,1431879.9799999986
2026-03-11,972691.7727700009,1431879.9799999986,1431879.9799999986
2026-03-12,972240.7727700009,1431879.9799999986,1431879.9799999986
2026-03-13,969692.6227700008,1431879.9799999986,1431879.9799999986
2026-03-16,969692.6227700008,1431879.9799999986,1431879.9799999986
2026-03-17,969692.6227700008,1431879.9799999986,1431879.9799999986
2026-03-18,969692.6227700008,1431879.9799999986,1431879.9799999986
2026-03-19,969692.6227700008,1431879.9799999986,1431879.9799999986
2026-03-20,969692.6227700008,1431879.9799999986,1431879.9799999986
2026-03-23,969692.6227700008,1431879.9799999986,1431879.9799999986
2026-03-24,969692.6227700008,1431879.9799999986,1431879.9799999986
