date,total_value
2022-01-03,1000000.0
2022-01-04,1000000.0
2022-01-05,1000000.0
2022-01-06,991507.97
2022-01-07,991507.97
2022-01-10,991507.97
2022-01-11,986521.74
2022-01-12,1002534.4299999999
2022-01-13,1002534.4299999999
2022-01-14,1002534.4299999999
2022-01-17,1002534.4299999999
2022-01-18,1018437.48
2022-01-19,1018437.48
2022-01-20,1039666.0499999999
2022-01-21,1032081.95
2022-01-24,1001684.6599999999
2022-01-25,1001684.6599999999
2022-01-26,1001684.6599999999
2022-01-27,1001684.6599999999
2022-01-28,1001684.6599999999
2022-01-31,1001684.6599999999
2022-02-01,1001684.6599999999
2022-02-02,1016122.3499999999
2022-02-03,1033850.1199999999
2022-02-04,1033850.1199999999
2022-02-07,1052892.2899999998
2022-02-08,1052892.2899999998
2022-02-09,1052892.2899999998
2022-02-10,1052892.2899999998
2022-02-11,1052892.2899999998
2022-02-14,1028790.2799999998
2022-02-15,1004040.4499999998
2022-02-16,1004040.4499999998
2022-02-17,1004040.4499999998
2022-02-18,1004040.4499999998
2022-02-21,1004040.4499999998
2022-02-22,1004040.4499999998
2022-02-23,1004040.4499999998
2022-02-24,1004040.4499999998
2022-02-25,1004040.4499999998
2022-02-28,1004040.4499999998
2022-03-01,1004040.4499999998
2022-03-02,1004040.4499999998
2022-03-03,1004040.4499999998
2022-03-04,1004040.4499999998
2022-03-07,1004040.4499999998
2022-03-08,1004040.4499999998
2022-03-09,1004040.4499999998
2022-03-10,1004040.4499999998
2022-03-11,1004040.4499999998
2022-03-14,1004040.4499999998
2022-03-15,1004040.4499999998
2022-03-16,1004040.4499999998
2022-03-17,1004040.4499999998
2022-03-18,1004040.4499999998
2022-03-21,1004040.4499999998
2022-03-22,1004040.4499999998
2022-03-23,1004040.4499999998
2022-03-24,1004040.4499999998
2022-03-25,1004040.4499999998
2022-03-28,1004040.4499999998
2022-03-29,1004040.4499999998
2022-03-30,1004040.4499999998
2022-03-31,1004040.4499999998
2022-04-01,1004040.4499999998
2022-04-04,1004040.4499999998
2022-04-05,1004040.4499999998
2022-04-06,1004040.4499999998
2022-04-07,1004040.4499999998
2022-04-08,1004040.4499999998
2022-04-11,1004040.4499999998
2022-04-12,1004040.4499999998
2022-04-13,1004040.4499999998
2022-04-14,1004040.4499999998
2022-04-15,1004040.4499999998
2022-04-18,994840.1599999998
2022-04-19,989686.2299999997
2022-04-20,989686.2299999997
2022-04-21,979226.5299999998
2022-04-22,979226.5299999998
2022-04-25,960243.9199999998
2022-04-26,960243.9199999998
2022-04-27,960243.9199999998
2022-04-28,960243.9199999998
2022-04-29,955067.8899999998
2022-05-02,955067.8899999998
2022-05-03,955067.8899999998
2022-05-04,961424.2199999997
2022-05-05,961424.2199999997
2022-05-06,961424.2199999997
2022-05-09,951316.0699999997
2022-05-10,937971.4999999998
2022-05-11,926015.1399999998
2022-05-12,926015.1399999998
2022-05-13,926015.1399999998
2022-05-16,926015.1399999998
2022-05-17,926015.1399999998
2022-05-18,926015.1399999998
2022-05-19,926015.1399999998
2022-05-20,926015.1399999998
2022-05-23,926015.1399999998
2022-05-24,926015.1399999998
2022-05-25,926015.1399999998
2022-05-26,926015.1399999998
2022-05-27,926015.1399999998
2022-05-30,926015.1399999998
2022-05-31,926015.1399999998
2022-06-01,926015.1399999998
2022-06-02,926015.1399999998
2022-06-03,926015.1399999998
2022-06-06,926015.1399999998
2022-06-07,926015.1399999998
2022-06-08,926015.1399999998
2022-06-09,926015.1399999998
2022-06-10,926015.1399999998
2022-06-13,926015.1399999998
2022-06-14,926015.1399999998
2022-06-15,926015.1399999998
2022-06-16,926015.1399999998
2022-06-17,926015.1399999998
2022-06-20,926015.1399999998
2022-06-21,926015.1399999998
2022-06-22,926015.1399999998
2022-06-23,926015.1399999998
2022-06-24,926015.1399999998
2022-06-27,926015.1399999998
2022-06-28,926015.1399999998
2022-06-29,926015.1399999998
2022-06-30,926015.1399999998
2022-07-01,926015.1399999998
2022-07-04,926015.1399999998
2022-07-05,926015.1399999998
2022-07-06,926015.1399999998
2022-07-07,926015.1399999998
2022-07-08,926015.1399999998
2022-07-11,926015.1399999998
2022-07-12,926015.1399999998
2022-07-13,926015.1399999998
2022-07-14,926015.1399999998
2022-07-15,926015.1399999998
2022-07-18,926015.1399999998
2022-07-19,926015.1399999998
2022-07-20,926015.1399999998
2022-07-21,926015.1399999998
2022-07-22,926015.1399999998
2022-07-25,926015.1399999998
2022-07-26,918270.9299999998
2022-07-27,918270.9299999998
2022-07-28,918270.9299999998
2022-07-29,918270.9299999998
2022-08-01,918270.9299999998
2022-08-02,918270.9299999998
2022-08-03,918270.9299999998
2022-08-04,918270.9299999998
2022-08-05,924849.3299999998
2022-08-08,924849.3299999998
2022-08-09,924849.3299999998
2022-08-10,924849.3299999998
2022-08-11,924849.3299999998
2022-08-12,941094.7499999999
2022-08-15,941094.7499999999
2022-08-16,950241.9599999998
2022-08-17,950241.9599999998
2022-08-18,950241.9599999998
2022-08-19,968233.1299999999
2022-08-22,968233.1299999999
2022-08-23,968233.1299999999
2022-08-24,968233.1299999999
2022-08-25,977739.1399999999
2022-08-26,995454.3399999999
2022-08-29,982258.0899999999
2022-08-30,996546.6099999999
2022-08-31,996546.6099999999
2022-09-01,1015546.4799999999
2022-09-02,1029392.2999999998
2022-09-05,1020637.9099999998
2022-09-06,1020637.9099999998
2022-09-07,1020637.9099999998
2022-09-08,1020637.9099999998
2022-09-09,1037371.1099999998
2022-09-12,1037371.1099999998
2022-09-13,1038935.6199999998
2022-09-14,1038935.6199999998
2022-09-15,1038935.6199999998
2022-09-16,1059163.4299999997
2022-09-19,1059163.4299999997
2022-09-20,1054642.2399999998
2022-09-21,1072009.0399999998
2022-09-22,1072009.0399999998
2022-09-23,1065971.5599999998
2022-09-26,1033593.1399999998
2022-09-27,1033593.1399999998
2022-09-28,1026067.2499999998
2022-09-29,1026067.2499999998
2022-09-30,1026067.2499999998
2022-10-03,1026067.2499999998
2022-10-04,1026067.2499999998
2022-10-05,1026067.2499999998
2022-10-06,1037065.2199999997
2022-10-07,1057033.5199999998
2022-10-10,1057033.5199999998
2022-10-11,1057033.5199999998
2022-10-12,1067124.5099999998
2022-10-13,1061385.7299999997
2022-10-14,1061385.7299999997
2022-10-17,1064180.6499999997
2022-10-18,1064180.6499999997
2022-10-19,1064180.6499999997
2022-10-20,1077461.6599999997
2022-10-21,1077461.6599999997
2022-10-24,1077461.6599999997
2022-10-25,1077461.6599999997
2022-10-26,1077461.6599999997
2022-10-27,1067827.9699999997
2022-10-28,1067827.9699999997
2022-10-31,1067827.9699999997
2022-11-01,1067827.9699999997
2022-11-02,1100114.8499999996
2022-11-03,1100114.8499999996
2022-11-04,1116539.1999999997
2022-11-07,1134557.0899999996
2022-11-08,1134557.0899999996
2022-11-09,1155357.6999999997
2022-11-10,1148404.8599999996
2022-11-11,1148404.8599999996
2022-11-14,1148404.8599999996
2022-11-15,1148404.8599999996
2022-11-16,1138450.5899999996
2022-11-17,1138450.5899999996
2022-11-18,1120906.7199999995
2022-11-21,1120906.7199999995
2022-11-22,1120906.7199999995
2022-11-23,1108507.1599999995
2022-11-24,1108507.1599999995
2022-11-25,1128953.7399999995
2022-11-28,1128953.7399999995
2022-11-29,1125660.9699999995
2022-11-30,1125660.9699999995
2022-12-01,1131192.4499999995
2022-12-02,1131192.4499999995
2022-12-05,1131192.4499999995
2022-12-06,1154970.5699999996
2022-12-07,1154970.5699999996
2022-12-08,1153959.0899999996
2022-12-09,1153959.0899999996
2022-12-12,1153959.0899999996
2022-12-13,1153959.0899999996
2022-12-14,1170540.7399999995
2022-12-15,1170540.7399999995
2022-12-16,1170540.7399999995
2022-12-19,1170540.7399999995
2022-12-20,1173896.7299999995
2022-12-21,1173896.7299999995
2022-12-22,1135141.8599999994
2022-12-23,1121832.8299999994
2022-12-26,1121832.8299999994
2022-12-27,1121832.8299999994
2022-12-28,1118158.9699999993
2022-12-29,1148424.2299999993
2022-12-30,1148424.2299999993
2023-01-02,1148424.2299999993
2023-01-03,1148424.2299999993
2023-01-04,1148424.2299999993
2023-01-05,1148424.2299999993
2023-01-06,1148424.2299999993
2023-01-09,1148424.2299999993
2023-01-10,1148424.2299999993
2023-01-11,1148424.2299999993
2023-01-12,1148424.2299999993
2023-01-13,1148424.2299999993
2023-01-16,1148424.2299999993
2023-01-17,1148424.2299999993
2023-01-18,1148424.2299999993
2023-01-19,1148424.2299999993
2023-01-20,1148424.2299999993
2023-01-23,1144010.8399999994
2023-01-24,1144010.8399999994
2023-01-25,1125347.7299999993
2023-01-26,1125347.7299999993
2023-01-27,1106168.0299999993
2023-01-30,1106168.0299999993
2023-01-31,1106168.0299999993
2023-02-01,1106168.0299999993
2023-02-02,1106168.0299999993
2023-02-03,1106168.0299999993
2023-02-06,1106168.0299999993
2023-02-07,1106168.0299999993
2023-02-08,1106168.0299999993
2023-02-09,1106168.0299999993
2023-02-10,1106168.0299999993
2023-02-13,1106168.0299999993
2023-02-14,1106168.0299999993
2023-02-15,1106168.0299999993
2023-02-16,1106168.0299999993
2023-02-17,1106168.0299999993
2023-02-20,1106168.0299999993
2023-02-21,1127461.7699999993
2023-02-22,1127461.7699999993
2023-02-23,1127461.7699999993
2023-02-24,1127461.7699999993
2023-02-27,1127461.7699999993
2023-02-28,1127461.7699999993
2023-03-01,1127461.7699999993
2023-03-02,1127461.7699999993
2023-03-03,1127461.7699999993
2023-03-06,1127461.7699999993
2023-03-07,1127461.7699999993
2023-03-08,1127461.7699999993
2023-03-09,1127461.7699999993
2023-03-10,1127461.7699999993
2023-03-13,1127461.7699999993
2023-03-14,1120107.3199999994
2023-03-15,1120107.3199999994
2023-03-16,1120107.3199999994
2023-03-17,1120107.3199999994
2023-03-20,1120107.3199999994
2023-03-21,1120107.3199999994
2023-03-22,1120107.3199999994
2023-03-23,1120107.3199999994
2023-03-24,1120107.3199999994
2023-03-27,1120107.3199999994
2023-03-28,1120107.3199999994
2023-03-29,1120107.3199999994
2023-03-30,1120107.3199999994
2023-03-31,1120107.3199999994
2023-04-03,1120107.3199999994
2023-04-04,1120107.3199999994
2023-04-05,1120107.3199999994
2023-04-06,1120107.3199999994
2023-04-07,1120107.3199999994
2023-04-10,1120107.3199999994
2023-04-11,1120107.3199999994
2023-04-12,1120107.3199999994
2023-04-13,1120107.3199999994
2023-04-14,1120107.3199999994
2023-04-17,1120107.3199999994
2023-04-18,1120107.3199999994
2023-04-19,1120107.3199999994
2023-04-20,1120107.3199999994
2023-04-21,1120107.3199999994
2023-04-24,1120107.3199999994
2023-04-25,1120107.3199999994
2023-04-26,1114800.1099999994
2023-04-27,1114800.1099999994
2023-04-28,1114800.1099999994
2023-05-01,1114800.1099999994
2023-05-02,1114800.1099999994
2023-05-03,1114800.1099999994
2023-05-04,1147493.5699999994
2023-05-05,1147493.5699999994
2023-05-08,1176841.8299999994
2023-05-09,1176841.8299999994
2023-05-10,1166588.0199999993
2023-05-11,1166588.0199999993
2023-05-12,1166588.0199999993
2023-05-15,1170778.4299999992
2023-05-16,1170778.4299999992
2023-05-17,1193768.6599999992
2023-05-18,1193768.6599999992
2023-05-19,1179232.5599999991
2023-05-22,1170316.739999999
2023-05-23,1170316.739999999
2023-05-24,1170316.739999999
2023-05-25,1186031.919999999
2023-05-26,1186031.919999999
2023-05-29,1177356.459999999
2023-05-30,1190846.639999999
2023-05-31,1179872.429999999
2023-06-01,1179872.429999999
2023-06-02,1179872.429999999
2023-06-05,1179872.429999999
2023-06-06,1179872.429999999
2023-06-07,1179872.429999999
2023-06-08,1179872.429999999
2023-06-09,1179872.429999999
2023-06-12,1179872.429999999
2023-06-13,1179872.429999999
2023-06-14,1179872.429999999
2023-06-15,1179872.429999999
2023-06-16,1200325.849999999
2023-06-19,1221866.379999999
2023-06-20,1221866.379999999
2023-06-21,1248870.909999999
2023-06-22,1248870.909999999
2023-06-23,1214691.939999999
2023-06-26,1217202.639999999
2023-06-27,1217202.639999999
2023-06-28,1217202.639999999
2023-06-29,1217202.639999999
2023-06-30,1217202.639999999
2023-07-03,1217202.639999999
2023-07-04,1217202.639999999
2023-07-05,1217202.639999999
2023-07-06,1236286.759999999
2023-07-07,1236286.759999999
2023-07-10,1237730.0599999991
2023-07-11,1237476.209999999
2023-07-12,1237476.209999999
2023-07-13,1226407.089999999
2023-07-14,1226407.089999999
2023-07-17,1226407.089999999
2023-07-18,1226407.089999999
2023-07-19,1226407.089999999
2023-07-20,1226407.089999999
2023-07-21,1226407.089999999
2023-07-24,1226407.089999999
2023-07-25,1226407.089999999
2023-07-26,1226407.089999999
2023-07-27,1228763.159999999
2023-07-28,1245124.7899999989
2023-07-31,1261017.5199999989
2023-08-01,1261017.5199999989
2023-08-02,1246916.569999999
2023-08-03,1246916.569999999
2023-08-04,1261196.2599999988
2023-08-07,1235699.6899999988
2023-08-08,1235699.6899999988
2023-08-09,1260899.9399999988
2023-08-10,1260899.9399999988
2023-08-11,1260899.9399999988
2023-08-14,1248458.1799999988
2023-08-15,1248458.1799999988
2023-08-16,1248458.1799999988
2023-08-17,1248458.1799999988
2023-08-18,1248458.1799999988
2023-08-21,1247272.5899999987
2023-08-22,1247272.5899999987
2023-08-23,1247272.5899999987
2023-08-24,1247272.5899999987
2023-08-25,1266510.3499999987
2023-08-28,1266510.3499999987
2023-08-29,1266510.3499999987
2023-08-30,1266160.5899999987
2023-08-31,1250828.4499999988
2023-09-01,1242354.1899999988
2023-09-04,1279935.6199999987
2023-09-05,1279935.6199999987
2023-09-06,1279935.6199999987
2023-09-07,1282896.6899999988
2023-09-08,1325309.7099999988
2023-09-11,1337660.3399999987
2023-09-12,1302041.0899999987
2023-09-13,1274531.4899999986
2023-09-14,1274531.4899999986
2023-09-15,1295153.6899999985
2023-09-18,1295153.6899999985
2023-09-19,1295153.6899999985
2023-09-20,1295153.6899999985
2023-09-21,1295153.6899999985
2023-09-22,1295153.6899999985
2023-09-25,1295153.6899999985
2023-09-26,1299372.0899999985
2023-09-27,1299372.0899999985
2023-09-28,1291276.4199999985
2023-09-29,1291276.4199999985
2023-10-02,1291276.4199999985
2023-10-03,1323490.2699999986
2023-10-04,1323490.2699999986
2023-10-05,1322336.1899999985
2023-10-06,1325996.6299999985
2023-10-09,1304512.8499999985
2023-10-10,1304512.8499999985
2023-10-11,1304512.8499999985
2023-10-12,1304512.8499999985
2023-10-13,1304512.8499999985
2023-10-16,1304512.8499999985
2023-10-17,1304512.8499999985
2023-10-18,1304512.8499999985
2023-10-19,1304512.8499999985
2023-10-20,1310816.4899999984
2023-10-23,1253233.5999999985
2023-10-24,1253233.5999999985
2023-10-25,1242583.4499999986
2023-10-26,1224260.2999999986
2023-10-27,1224260.2999999986
2023-10-30,1224260.2999999986
2023-10-31,1224260.2999999986
2023-11-01,1224260.2999999986
2023-11-02,1224260.2999999986
2023-11-03,1224260.2999999986
2023-11-06,1224260.2999999986
2023-11-07,1224260.2999999986
2023-11-08,1224260.2999999986
2023-11-09,1224260.2999999986
2023-11-10,1200275.5199999986
2023-11-13,1200275.5199999986
2023-11-14,1200275.5199999986
2023-11-15,1200275.5199999986
2023-11-16,1200275.5199999986
2023-11-17,1200275.5199999986
2023-11-20,1200275.5199999986
2023-11-21,1200275.5199999986
2023-11-22,1200275.5199999986
2023-11-23,1213762.2199999986
2023-11-24,1213762.2199999986
2023-11-27,1213762.2199999986
2023-11-28,1228314.3099999987
2023-11-29,1246710.7099999986
2023-11-30,1255177.4599999986
2023-12-01,1255177.4599999986
2023-12-04,1284235.1699999985
2023-12-05,1284235.1699999985
2023-12-06,1284235.1699999985
2023-12-07,1284235.1699999985
2023-12-08,1307650.7099999986
2023-12-11,1307650.7099999986
2023-12-12,1327331.7199999986
2023-12-13,1317134.6399999985
2023-12-14,1317134.6399999985
2023-12-15,1317134.6399999985
2023-12-18,1337845.1499999985
2023-12-19,1337845.1499999985
2023-12-20,1322519.7499999986
2023-12-21,1322519.7499999986
2023-12-22,1322519.7499999986
2023-12-25,1322519.7499999986
2023-12-26,1322519.7499999986
2023-12-27,1322519.7499999986
2023-12-28,1322519.7499999986
2023-12-29,1322111.3399999987
2024-01-01,1322111.3399999987
2024-01-02,1351469.6599999988
2024-01-03,1410442.5599999987
2024-01-04,1410442.5599999987
2024-01-05,1410442.5599999987
2024-01-08,1410442.5599999987
2024-01-09,1410301.6799999988
2024-01-10,1410301.6799999988
2024-01-11,1410301.6799999988
2024-01-12,1410301.6799999988
2024-01-15,1410301.6799999988
2024-01-16,1410301.6799999988
2024-01-17,1410301.6799999988
2024-01-18,1410301.6799999988
2024-01-19,1412052.9299999988
2024-01-22,1412052.9299999988
2024-01-23,1412052.9299999988
2024-01-24,1404631.6999999988
2024-01-25,1393748.2299999988
2024-01-26,1393748.2299999988
2024-01-29,1393748.2299999988
2024-01-30,1393748.2299999988
2024-01-31,1393748.2299999988
2024-02-01,1459674.3799999987
2024-02-02,1516861.2299999988
2024-02-05,1508315.5399999989
2024-02-06,1508315.5399999989
2024-02-07,1508315.5399999989
2024-02-08,1508315.5399999989
2024-02-09,1508315.5399999989
2024-02-12,1495399.319999999
2024-02-13,1472431.339999999
2024-02-14,1472431.339999999
2024-02-15,1472431.339999999
2024-02-16,1472431.339999999
2024-02-19,1498483.429999999
2024-02-20,1498483.429999999
2024-02-21,1498483.429999999
2024-02-22,1493699.779999999
2024-02-23,1522173.219999999
2024-02-26,1522173.219999999
2024-02-27,1522173.219999999
2024-02-28,1522173.219999999
2024-02-29,1522173.219999999
2024-03-01,1522173.219999999
2024-03-04,1522173.219999999
2024-03-05,1522173.219999999
2024-03-06,1522173.219999999
2024-03-07,1522173.219999999
2024-03-08,1522173.219999999
2024-03-11,1522173.219999999
2024-03-12,1522173.219999999
2024-03-13,1504980.659999999
2024-03-14,1482881.5499999989
2024-03-15,1482881.5499999989
2024-03-18,1472226.6799999988
2024-03-19,1485191.6999999988
2024-03-20,1485191.6999999988
2024-03-21,1485191.6999999988
2024-03-22,1485191.6999999988
2024-03-25,1485191.6999999988
2024-03-26,1485191.6999999988
2024-03-27,1485191.6999999988
2024-03-28,1485191.6999999988
2024-03-29,1485191.6999999988
2024-04-01,1485191.6999999988
2024-04-02,1525447.4299999988
2024-04-03,1525447.4299999988
2024-04-04,1525447.4299999988
2024-04-05,1525447.4299999988
2024-04-08,1541989.3199999987
2024-04-09,1541989.3199999987
2024-04-10,1573852.1299999987
2024-04-11,1573852.1299999987
2024-04-12,1573852.1299999987
2024-04-15,1573852.1299999987
2024-04-16,1560246.2399999988
2024-04-17,1560246.2399999988
2024-04-18,1560246.2399999988
2024-04-19,1550143.6199999987
2024-04-22,1550143.6199999987
2024-04-23,1550143.6199999987
2024-04-24,1582199.1399999987
2024-04-25,1647239.1299999987
2024-04-26,1647239.1299999987
2024-04-29,1680013.6099999987
2024-04-30,1680013.6099999987
2024-05-01,1680013.6099999987
2024-05-02,1680013.6099999987
2024-05-03,1684000.7899999986
2024-05-06,1684000.7899999986
2024-05-07,1664083.2899999986
2024-05-08,1646000.2599999986
2024-05-09,1639157.4499999986
2024-05-10,1639157.4499999986
2024-05-13,1618021.3099999987
2024-05-14,1618021.3099999987
2024-05-15,1618021.3099999987
2024-05-16,1622034.1099999987
2024-05-17,1622034.1099999987
2024-05-20,1622034.1099999987
2024-05-21,1699476.8299999987
2024-05-22,1699476.8299999987
2024-05-23,1699476.8299999987
2024-05-24,1719857.5599999987
2024-05-27,1719857.5599999987
2024-05-28,1719857.5599999987
2024-05-29,1719857.5599999987
2024-05-30,1719857.5599999987
2024-05-31,1703833.0599999987
2024-06-03,1703833.0599999987
2024-06-04,1689085.0699999987
2024-06-05,1689085.0699999987
2024-06-06,1689085.0699999987
2024-06-07,1689085.0699999987
2024-06-10,1726802.6999999986
2024-06-11,1760083.4099999985
2024-06-12,1760083.4099999985
2024-06-13,1760083.4099999985
2024-06-14,1778154.0199999986
2024-06-17,1778154.0199999986
2024-06-18,1772120.4099999985
2024-06-19,1772120.4099999985
2024-06-20,1766587.3699999985
2024-06-21,1752997.4299999985
2024-06-24,1752997.4299999985
2024-06-25,1752997.4299999985
2024-06-26,1752997.4299999985
2024-06-27,1734054.0399999986
2024-06-28,1734054.0399999986
2024-07-01,1734054.0399999986
2024-07-02,1734054.0399999986
2024-07-03,1734054.0399999986
2024-07-04,1760453.8299999987
2024-07-05,1806959.5999999987
2024-07-08,1806959.5999999987
2024-07-09,1801009.8199999987
2024-07-10,1786804.7199999986
2024-07-11,1786804.7199999986
2024-07-12,1786804.7199999986
2024-07-15,1779337.1999999986
2024-07-16,1779337.1999999986
2024-07-17,1779337.1999999986
2024-07-18,1779337.1999999986
2024-07-19,1730323.3699999985
2024-07-22,1716658.7299999986
2024-07-23,1716658.7299999986
2024-07-24,1750695.6399999985
2024-07-25,1779532.0699999984
2024-07-26,1805933.6699999985
2024-07-29,1805933.6699999985
2024-07-30,1805933.6699999985
2024-07-31,1805933.6699999985
2024-08-01,1805933.6699999985
2024-08-02,1805933.6699999985
2024-08-05,1774444.0799999984
2024-08-06,1774444.0799999984
2024-08-07,1768206.3299999984
2024-08-08,1768206.3299999984
2024-08-09,1766566.3099999984
2024-08-12,1766566.3099999984
2024-08-13,1766566.3099999984
2024-08-14,1766566.3099999984
2024-08-15,1766566.3099999984
2024-08-16,1766566.3099999984
2024-08-19,1784289.4999999984
2024-08-20,1784289.4999999984
2024-08-21,1784289.4999999984
2024-08-22,1784289.4999999984
2024-08-23,1784289.4999999984
2024-08-26,1770748.4999999984
2024-08-27,1750978.5999999985
2024-08-28,1750978.5999999985
2024-08-29,1750978.5999999985
2024-08-30,1750978.5999999985
2024-09-02,1750978.5999999985
2024-09-03,1750978.5999999985
2024-09-04,1780470.1699999985
2024-09-05,1780470.1699999985
2024-09-06,1762649.9599999986
2024-09-09,1757845.8899999985
2024-09-10,1757845.8899999985
2024-09-11,1771806.0599999984
2024-09-12,1758582.3499999985
2024-09-13,1758582.3499999985
2024-09-16,1758582.3499999985
2024-09-17,1758582.3499999985
2024-09-18,1793851.9899999984
2024-09-19,1780350.0199999984
2024-09-20,1780350.0199999984
2024-09-23,1780350.0199999984
2024-09-24,1794119.2599999984
2024-09-25,1794119.2599999984
2024-09-26,1794119.2599999984
2024-09-27,1822586.8599999985
2024-09-30,1822586.8599999985
2024-10-01,1822586.8599999985
2024-10-02,1822586.8599999985
2024-10-03,1822586.8599999985
2024-10-04,1816905.1399999985
2024-10-07,1816905.1399999985
2024-10-08,1820894.1299999985
2024-10-09,1820894.1299999985
2024-10-10,1819779.9199999985
2024-10-11,1819779.9199999985
2024-10-14,1819779.9199999985
2024-10-15,1819779.9199999985
2024-10-16,1819779.9199999985
2024-10-17,1819779.9199999985
2024-10-18,1799581.0499999984
2024-10-21,1799581.0499999984
2024-10-22,1775056.1699999985
2024-10-23,1775056.1699999985
2024-10-24,1759247.9099999985
2024-10-25,1759247.9099999985
2024-10-28,1759247.9099999985
2024-10-29,1759247.9099999985
2024-10-30,1759247.9099999985
2024-10-31,1759247.9099999985
2024-11-01,1759247.9099999985
2024-11-04,1759247.9099999985
2024-11-05,1775808.1599999985
2024-11-06,1775808.1599999985
2024-11-07,1775808.1599999985
2024-11-08,1775808.1599999985
2024-11-11,1775808.1599999985
2024-11-12,1775808.1599999985
2024-11-13,1775808.1599999985
2024-11-14,1775808.1599999985
2024-11-15,1775808.1599999985
2024-11-18,1775808.1599999985
2024-11-19,1775808.1599999985
2024-11-20,1775808.1599999985
2024-11-21,1775808.1599999985
2024-11-22,1775808.1599999985
2024-11-25,1775808.1599999985
2024-11-26,1775808.1599999985
2024-11-27,1775808.1599999985
2024-11-28,1775808.1599999985
2024-11-29,1775808.1599999985
2024-12-02,1775808.1599999985
2024-12-03,1775808.1599999985
2024-12-04,1775808.1599999985
2024-12-05,1775808.1599999985
2024-12-06,1775808.1599999985
2024-12-09,1775808.1599999985
2024-12-10,1775808.1599999985
2024-12-11,1775808.1599999985
2024-12-12,1775808.1599999985
2024-12-13,1766794.7399999986
2024-12-16,1754079.0199999986
2024-12-17,1754079.0199999986
2024-12-18,1754079.0199999986
2024-12-19,1712574.3099999987
2024-12-20,1680934.7499999986
2024-12-23,1680934.7499999986
2024-12-24,1680934.7499999986
2024-12-25,1680934.7499999986
2024-12-26,1680934.7499999986
2024-12-27,1680934.7499999986
2024-12-30,1680934.7499999986
2024-12-31,1669700.1299999985
2025-01-01,1669700.1299999985
2025-01-02,1669700.1299999985
2025-01-03,1669700.1299999985
2025-01-06,1669700.1299999985
2025-01-07,1655881.7099999986
2025-01-08,1655881.7099999986
2025-01-09,1655881.7099999986
2025-01-10,1655881.7099999986
2025-01-13,1655881.7099999986
2025-01-14,1655881.7099999986
2025-01-15,1655881.7099999986
2025-01-16,1655881.7099999986
2025-01-17,1655881.7099999986
2025-01-20,1655881.7099999986
2025-01-21,1655881.7099999986
2025-01-22,1655881.7099999986
2025-01-23,1655881.7099999986
2025-01-24,1655881.7099999986
2025-01-27,1655881.7099999986
2025-01-28,1655881.7099999986
2025-01-29,1655881.7099999986
2025-01-30,1655881.7099999986
2025-01-31,1655881.7099999986
2025-02-03,1655881.7099999986
2025-02-04,1655881.7099999986
2025-02-05,1655881.7099999986
2025-02-06,1655881.7099999986
2025-02-07,1655881.7099999986
2025-02-10,1655881.7099999986
2025-02-11,1655881.7099999986
2025-02-12,1655881.7099999986
2025-02-13,1655881.7099999986
2025-02-14,1655881.7099999986
2025-02-17,1655881.7099999986
2025-02-18,1655881.7099999986
2025-02-19,1655881.7099999986
2025-02-20,1655881.7099999986
2025-02-21,1655881.7099999986
2025-02-24,1655881.7099999986
2025-02-25,1655881.7099999986
2025-02-26,1655881.7099999986
2025-02-27,1655881.7099999986
2025-02-28,1655881.7099999986
2025-03-03,1655881.7099999986
2025-03-04,1655881.7099999986
2025-03-05,1655881.7099999986
2025-03-06,1655881.7099999986
2025-03-07,1655881.7099999986
2025-03-10,1655881.7099999986
2025-03-11,1655881.7099999986
2025-03-12,1655881.7099999986
2025-03-13,1655881.7099999986
2025-03-14,1655881.7099999986
2025-03-17,1655881.7099999986
2025-03-18,1655881.7099999986
2025-03-19,1655881.7099999986
2025-03-20,1655881.7099999986
2025-03-21,1655881.7099999986
2025-03-24,1655881.7099999986
2025-03-25,1655881.7099999986
2025-03-26,1655881.7099999986
2025-03-27,1655881.7099999986
2025-03-28,1655881.7099999986
2025-03-31,1655881.7099999986
2025-04-01,1655881.7099999986
2025-04-02,1655881.7099999986
2025-04-03,1655881.7099999986
2025-04-04,1655881.7099999986
2025-04-07,1655881.7099999986
2025-04-08,1655881.7099999986
2025-04-09,1655881.7099999986
2025-04-10,1655881.7099999986
2025-04-11,1655881.7099999986
2025-04-14,1655881.7099999986
2025-04-15,1655881.7099999986
2025-04-16,1655881.7099999986
2025-04-17,1655881.7099999986
2025-04-18,1655881.7099999986
2025-04-21,1655881.7099999986
2025-04-22,1655881.7099999986
2025-04-23,1655881.7099999986
2025-04-24,1655881.7099999986
2025-04-25,1636149.2599999986
2025-04-28,1636149.2599999986
2025-04-29,1636149.2599999986
2025-04-30,1621016.3299999987
2025-05-01,1621016.3299999987
2025-05-02,1621016.3299999987
2025-05-05,1621016.3299999987
2025-05-06,1621016.3299999987
2025-05-07,1597615.8299999987
2025-05-08,1597615.8299999987
2025-05-09,1559712.9599999986
2025-05-12,1559712.9599999986
2025-05-13,1582320.8499999985
2025-05-14,1617638.7699999984
2025-05-15,1594331.0499999984
2025-05-16,1594331.0499999984
2025-05-19,1592767.0599999984
2025-05-20,1577288.6699999985
2025-05-21,1577288.6699999985
2025-05-22,1569727.7099999986
2025-05-23,1569727.7099999986
2025-05-26,1569727.7099999986
2025-05-27,1569727.7099999986
2025-05-28,1569727.7099999986
2025-05-29,1569727.7099999986
2025-05-30,1572627.1799999985
2025-06-02,1572627.1799999985
2025-06-03,1598734.5699999984
2025-06-04,1598734.5699999984
2025-06-05,1598734.5699999984
2025-06-06,1582800.5699999984
2025-06-09,1607268.3799999985
2025-06-10,1639001.1199999985
2025-06-11,1639001.1199999985
2025-06-12,1639001.1199999985
2025-06-13,1631438.9599999986
2025-06-16,1631438.9599999986
2025-06-17,1631438.9599999986
2025-06-18,1631438.9599999986
2025-06-19,1581619.6499999985
2025-06-20,1581619.6499999985
2025-06-23,1614228.1699999985
2025-06-24,1614228.1699999985
2025-06-25,1637393.5199999986
2025-06-26,1637393.5199999986
2025-06-27,1657846.6699999985
2025-06-30,1698276.5899999985
2025-07-01,1698276.5899999985
2025-07-02,1698276.5899999985
2025-07-03,1692660.1299999985
2025-07-04,1676663.8599999985
2025-07-07,1670153.8499999985
2025-07-08,1670153.8499999985
2025-07-09,1670153.8499999985
2025-07-10,1670153.8499999985
2025-07-11,1633616.1499999985
2025-07-14,1625540.1299999985
2025-07-15,1625540.1299999985
2025-07-16,1625540.1299999985
2025-07-17,1625540.1299999985
2025-07-18,1625540.1299999985
2025-07-21,1625540.1299999985
2025-07-22,1625540.1299999985
2025-07-23,1625540.1299999985
2025-07-24,1620043.0299999984
2025-07-25,1601505.1099999985
2025-07-28,1559124.1299999985
2025-07-29,1581480.4499999986
2025-07-30,1581480.4499999986
2025-07-31,1581480.4499999986
2025-08-01,1581480.4499999986
2025-08-04,1581480.4499999986
2025-08-05,1570156.1899999985
2025-08-06,1570156.1899999985
2025-08-07,1570156.1899999985
2025-08-08,1570156.1899999985
2025-08-11,1570156.1899999985
2025-08-12,1570156.1899999985
2025-08-13,1570156.1899999985
2025-08-14,1570156.1899999985
2025-08-15,1570156.1899999985
2025-08-18,1570156.1899999985
2025-08-19,1570156.1899999985
2025-08-20,1570156.1899999985
2025-08-21,1583743.2599999986
2025-08-22,1583743.2599999986
2025-08-25,1583743.2599999986
2025-08-26,1583743.2599999986
2025-08-27,1583743.2599999986
2025-08-28,1583743.2599999986
2025-08-29,1583743.2599999986
2025-09-01,1583743.2599999986
2025-09-02,1583743.2599999986
2025-09-03,1584406.5999999987
2025-09-04,1584406.5999999987
2025-09-05,1584406.5999999987
2025-09-08,1584406.5999999987
2025-09-09,1584406.5999999987
2025-09-10,1584406.5999999987
2025-09-11,1584406.5999999987
2025-09-12,1584406.5999999987
2025-09-15,1584406.5999999987
2025-09-16,1584406.5999999987
2025-09-17,1584406.5999999987
2025-09-18,1584406.5999999987
2025-09-19,1584406.5999999987
2025-09-22,1584406.5999999987
2025-09-23,1577760.5799999987
2025-09-24,1563669.9999999986
2025-09-25,1563669.9999999986
2025-09-26,1526167.7799999986
2025-09-29,1494075.4299999985
2025-09-30,1494075.4299999985
2025-10-01,1494075.4299999985
2025-10-02,1494075.4299999985
2025-10-03,1494075.4299999985
2025-10-06,1494075.4299999985
2025-10-07,1494075.4299999985
2025-10-08,1489612.9599999986
2025-10-09,1489612.9599999986
2025-10-10,1489612.9599999986
2025-10-13,1489612.9599999986
2025-10-14,1489612.9599999986
2025-10-15,1489612.9599999986
2025-10-16,1489612.9599999986
2025-10-17,1489612.9599999986
2025-10-20,1489612.9599999986
2025-10-21,1489612.9599999986
2025-10-22,1489612.9599999986
2025-10-23,1489612.9599999986
2025-10-24,1489612.9599999986
2025-10-27,1489612.9599999986
2025-10-28,1489612.9599999986
2025-10-29,1489612.9599999986
2025-10-30,1489612.9599999986
2025-10-31,1481136.3199999987
2025-11-03,1473715.3299999987
2025-11-04,1456726.2799999986
2025-11-05,1456726.2799999986
2025-11-06,1446176.3299999987
2025-11-07,1446176.3299999987
2025-11-10,1446176.3299999987
2025-11-11,1446176.3299999987
2025-11-12,1446176.3299999987
2025-11-13,1431138.5399999986
2025-11-14,1450926.8599999987
2025-11-17,1450926.8599999987
2025-11-18,1450926.8599999987
2025-11-19,1450926.8599999987
2025-11-20,1448517.1399999987
2025-11-21,1441248.7899999986
2025-11-24,1431602.5199999986
2025-11-25,1431602.5199999986
2025-11-26,1431602.5199999986
2025-11-27,1431602.5199999986
2025-11-28,1431602.5199999986
2025-12-01,1445557.1099999987
2025-12-02,1438305.4899999986
2025-12-03,1438305.4899999986
2025-12-04,1438305.4899999986
2025-12-05,1436091.5399999986
2025-12-08,1436091.5399999986
2025-12-09,1436091.5399999986
2025-12-10,1436091.5399999986
2025-12-11,1436091.5399999986
2025-12-12,1436091.5399999986
2025-12-15,1436091.5399999986
2025-12-16,1436091.5399999986
2025-12-17,1436091.5399999986
2025-12-18,1436091.5399999986
2025-12-19,1436091.5399999986
2025-12-22,1436091.5399999986
2025-12-23,1436091.5399999986
2025-12-24,1436091.5399999986
2025-12-25,1436091.5399999986
2025-12-26,1436091.5399999986
2025-12-29,1436091.5399999986
2025-12-30,1436091.5399999986
2025-12-31,1436091.5399999986
2026-01-01,1436091.5399999986
2026-01-02,1436091.5399999986
2026-01-05,1436091.5399999986
2026-01-06,1436091.5399999986
2026-01-07,1436091.5399999986
2026-01-08,1436091.5399999986
2026-01-09,1436091.5399999986
2026-01-12,1436091.5399999986
2026-01-13,1436091.5399999986
2026-01-14,1436091.5399999986
2026-01-15,1436091.5399999986
2026-01-16,1436091.5399999986
2026-01-19,1436091.5399999986
2026-01-20,1436091.5399999986
2026-01-21,1436091.5399999986
2026-01-22,1436091.5399999986
2026-01-23,1436091.5399999986
2026-01-26,1436091.5399999986
2026-01-27,1446015.0899999987
2026-01-28,1446015.0899999987
2026-01-29,1446015.0899999987
2026-01-30,1446015.0899999987
2026-02-02,1446015.0899999987
2026-02-03,1446015.0899999987
2026-02-04,1446015.0899999987
2026-02-05,1446015.0899999987
2026-02-06,1446015.0899999987
2026-02-09,1446015.0899999987
2026-02-10,1446015.0899999987
2026-02-11,1446015.0899999987
2026-02-12,1446015.0899999987
2026-02-13,1446015.0899999987
2026-02-16,1446015.0899999987
2026-02-17,1446015.0899999987
2026-02-18,1446015.0899999987
2026-02-19,1446015.0899999987
2026-02-20,1446015.0899999987
2026-02-23,1446015.0899999987
2026-02-24,1446015.0899999987
2026-02-25,1446015.0899999987
2026-02-26,1446015.0899999987
2026-02-27,1446015.0899999987
2026-03-02,1446015.0899999987
2026-03-03,1446015.0899999987
2026-03-04,1431879.9799999986
2026-03-05,1431879.9799999986
2026-03-06,1431879.9799999986
2026-03-09,1431879.9799999986
2026-03-10,1431879.9799999986
2026-03-11,1431879.9799999986
2026-03-12,1431879.9799999986
2026-03-13,1431879.9799999986
2026-03-16,1431879.9799999986
2026-03-17,1431879.9799999986
2026-03-18,1431879.9799999986
2026-03-19,1431879.9799999986
2026-03-20,1431879.9799999986
2026-03-23,1431879.9799999986
2026-03-24,1431879.9799999986
2026-03-26,1000000,1000000,0,0,0.0,0.0,BEAR,0,0,0
